sample_id	w811	w814	w818	w822	w826	w830	w834	w838	w841	w845	w849	w853	w857	w861	w865	w868	w872	w876	w880	w884	w888	w892	w895	w899	w903	w907	w911	w915	w919	w922	w926	w930	w934	w938	w942	w946	w950	w953	w957	w961	w965	w969	w973	w977	w980	w984	w988	w992	w996	w1000	w1004	w1007	w1011	w1015	w1019	w1023	w1027	w1031	w1034	w1038	w1042	w1046	w1050	w1054	w1058	w1061	w1065	w1069	w1073	w1077	w1081	w1085	w1088	w1092	w1096	w1100	w1104	w1108	w1112	w1115	w1119	w1123	w1127	w1131	w1135	w1139	w1143	w1146	w1150	w1154	w1158	w1162	w1166	w1170	w1173	w1177	w1181	w1185	w1189	w1193	w1197	w1200	w1204	w1208	w1212	w1216	w1220	w1224	w1227	w1231	w1235	w1239	w1243	w1247	w1251	w1254	w1258	w1262	w1266	w1270	w1274	w1278	w1281	w1285	w1289	w1293	w1297	w1301	w1305	w1308	w1312	w1316	w1320	w1324	w1328	w1332	w1336	w1339	w1343	w1347	w1351	w1355	w1359	w1363	w1366	w1370	w1374	w1378	w1382	w1386	w1390	w1393	w1397	w1401	w1405	w1409	w1413	w1417	w1420	w1424	w1428	w1432	w1436	w1440	w1444	w1447	w1451	w1455	w1459	w1463	w1467	w1471	w1474	w1478	w1482	w1486	w1490	w1494	w1498	w1501	w1505	w1509	w1513	w1517	w1521	w1525	w1529	w1532	w1536	w1540	w1544	w1548	w1552	w1556	w1559	w1563	w1567	w1571	w1575	w1579	w1583	w1586	w1590	w1594	w1598	w1602	w1606	w1610	w1613	w1617	w1621	w1625	w1629	w1633	w1637	w1640	w1644	w1648	w1652	w1656	w1660	w1664	w1667	w1671	w1675	w1679	w1683	w1687	w1691	w1694	w1698	w1702	w1706	w1710	w1714	w1718	w1722	w1725	w1729	w1733	w1737	w1741	w1745	w1749	w1752	w1756	w1760	w1764	w1768	w1772	w1776	w1779	w1783	w1787	w1791	w1795	w1799	w1803	w1806	w1810	w1814	w1818	w1822	w1826	w1830	w1833	w1837	w1841	w1845	w1849	w1853	w1857	w1860	w1864	w1868	w1872	w1876	w1880	w1884	w1887	w1891	w1895	w1899	w1903	w1907	w1911	variety
string	continuous	continuous	continuous	continuous	continuous	continuous	continuous	continuous	continuous	continuous	continuous	continuous	continuous	continuous	continuous	continuous	continuous	continuous	continuous	continuous	continuous	continuous	continuous	continuous	continuous	continuous	continuous	continuous	continuous	continuous	continuous	continuous	continuous	continuous	continuous	continuous	continuous	continuous	continuous	continuous	continuous	continuous	continuous	continuous	continuous	continuous	continuous	continuous	continuous	continuous	continuous	continuous	continuous	continuous	continuous	continuous	continuous	continuous	continuous	continuous	continuous	continuous	continuous	continuous	continuous	continuous	continuous	continuous	continuous	continuous	continuous	continuous	continuous	continuous	continuous	continuous	continuous	continuous	continuous	continuous	continuous	continuous	continuous	continuous	continuous	continuous	continuous	continuous	continuous	continuous	continuous	continuous	continuous	continuous	continuous	continuous	continuous	continuous	continuous	continuous	continuous	continuous	continuous	continuous	continuous	continuous	continuous	continuous	continuous	continuous	continuous	continuous	continuous	continuous	continuous	continuous	continuous	continuous	continuous	continuous	continuous	continuous	continuous	continuous	continuous	continuous	continuous	continuous	continuous	continuous	continuous	continuous	continuous	continuous	continuous	continuous	continuous	continuous	continuous	continuous	continuous	continuous	continuous	continuous	continuous	continuous	continuous	continuous	continuous	continuous	continuous	continuous	continuous	continuous	continuous	continuous	continuous	continuous	continuous	continuous	continuous	continuous	continuous	continuous	continuous	continuous	continuous	continuous	continuous	continuous	continuous	continuous	continuous	continuous	continuous	continuous	continuous	continuous	continuous	continuous	continuous	continuous	continuous	continuous	continuous	continuous	continuous	continuous	continuous	continuous	continuous	continuous	continuous	continuous	continuous	continuous	continuous	continuous	continuous	continuous	continuous	continuous	continuous	continuous	continuous	continuous	continuous	continuous	continuous	continuous	continuous	continuous	continuous	continuous	continuous	continuous	continuous	continuous	continuous	continuous	continuous	continuous	continuous	continuous	continuous	continuous	continuous	continuous	continuous	continuous	continuous	continuous	continuous	continuous	continuous	continuous	continuous	continuous	continuous	continuous	continuous	continuous	continuous	continuous	continuous	continuous	continuous	continuous	continuous	continuous	continuous	continuous	continuous	continuous	continuous	continuous	continuous	continuous	continuous	continuous	continuous	continuous	continuous	continuous	continuous	continuous	continuous	continuous	continuous	continuous	continuous	continuous	continuous	continuous	continuous	continuous	continuous	continuous	continuous	continuous	continuous	continuous	continuous	continuous	continuous	continuous	discrete
meta																																																																																																																																																																																																																																																																																															class
C01	21.2276	21.8375	22.73	22.5177	21.0402	19.2563	18.518	18.3478	18.044	17.7359	17.6363	18.0308	18.2347	18.2754	17.6533	16.7032	16.2375	16.1838	16.4583	16.5805	16.4261	16.2445	16.0957	15.7561	15.7917	16.1327	16.5083	16.8715	16.8427	16.8457	16.6345	16.3491	16.4369	16.4914	16.7642	16.7755	17.0081	17.837	18.0374	18.5353	19.5808	20.0871	20.6087	21.7487	22.7152	23.3326	23.6227	23.5188	23.6034	24.1869	24.6157	24.5701	24.9532	25.7024	26.1568	26.58	28.1475	29.7717	30.6809	31.915	31.974	31.6243	31.9281	31.7965	31.6048	32.3807	33.9184	36.3132	37.1538	36.3181	36.8273	37.1398	38.1235	38.0905	37.3383	37.202	36.3014	35.806	35.4929	35.6628	36.2971	37.1657	37.3031	36.6244	35.6052	34.493	34.0172	33.4527	34.1836	36.2159	36.2396	36.5876	36.0443	35.0255	34.7706	33.8863	34.5108	34.7863	34.573	34.7939	33.5454	33.1682	33.2983	32.6771	32.3778	31.9543	32.0272	31.7381	30.9725	31.2716	32.5102	33.6341	33.8663	34.2564	34.3732	34.6612	35.2068	35.8565	36.2412	36.8303	38.573	38.2145	38.1078	39.0027	38.627	38.0474	37.4133	36.3895	35.7774	34.98	33.9039	33.3704	33.493	33.316	32.6902	32.4763	32.8543	33.0575	32.4558	32.7663	33.1266	32.9052	33.4864	34.4468	34.9683	36.6246	38.0392	38.1491	37.8361	37.1039	38.4366	39.8357	40.7633	41.4323	40.9899	41.9199	43.1016	41.3196	40.1077	40.2402	41.3137	40.8534	38.4416	37.9244	38.1802	37.8199	36.8088	36.1196	35.4191	35.1563	33.3626	31.287	29.5973	28.261	26.9845	26.2863	26.1092	25.3182	25.2559	25.3427	25.2707	26.4593	27.6412	28.2827	27.7806	28.0047	28.6548	28.0186	26.7423	26.4731	28.0039	28.5943	29.7903	30.317	30.8379	32.4814	33.1754	34.0077	35.016	36.95	37.8685	38.6965	39.2045	40.7235	42.1584	42.4122	43.6622	45.7882	47.1322	47.1242	45.6981	43.2706	42.253	43.6564	46.0275	47.7917	47.2753	45.6412	45.3056	47.7615	49.6351	47.4626	42.8413	40.0504	39.2996	39.0338	38.8771	39.3975	40.6194	41.6084	41.7595	44.5204	44.9974	43.5889	41.9387	36.4663	33.0715	31.6123	28.3994	25.1827	22.5545	20.2003	17.8622	16.3459	14.8023	13.8272	13.2638	12.7783	12.4886	12.2913	12.2466	11.9378	11.3243	10.5402	9.54318	8.42376	7.4974	6.67674	6.07407	5.67967	5.42822	5.21972	5.04473	4.95233	4.87125	4.78749	4.71787	4.68046	4.62419	4.57324	4.56702	4.53037	4.46798	4.41741	4.3904	4.35723	4.29997	4.27192	4.25118	4.21955	4.16871	4.12913	4.10534	4.07811	4.05191	4.04269	Arabica
C02	10.3642	10.5696	10.4489	10.1007	9.62037	8.8825	8.41553	8.21022	7.91643	7.80615	7.74673	7.73905	7.82514	7.72553	7.60295	7.58185	7.51834	7.4363	7.47294	7.56175	7.51258	7.43891	7.4044	7.22923	7.02199	6.95144	7.01048	7.03038	6.9189	6.77126	6.69843	6.78838	6.92021	6.98122	7.04445	7.17612	7.36177	7.55422	7.81514	8.1698	8.50207	8.75983	9.07048	9.44403	9.63333	9.67246	9.81982	10.0495	10.242	10.4445	10.7252	11.1814	11.7869	12.37	13.0614	13.6888	14.1573	15.0258	15.7949	16.3418	17.1372	17.1056	16.8569	17.4525	17.8187	17.7316	18.1049	18.6221	19.0715	19.3568	19.8943	20.4129	20.2484	20.3328	20.1719	19.6937	19.2942	18.5765	18.299	18.2932	18.5968	18.6819	18.4268	18.1079	17.6252	17.654	17.6325	17.6486	17.8029	17.9551	17.9249	17.6448	17.4686	17.442	16.8877	16.4524	16.4739	16.3343	15.9154	15.6468	15.4951	15.0902	14.9983	14.9127	14.9712	15.1344	14.9172	14.7889	14.9285	15.1296	15.6161	16.054	16.1918	16.4098	16.7011	17.0029	17.1796	17.4417	17.7211	17.6788	17.9181	18.2033	18.1393	18.2767	17.994	17.6265	17.2151	16.8694	16.6321	16.3648	16.1878	15.7751	15.2893	15.0433	15.159	15.1524	14.9438	14.9786	15.21	15.2525	15.3179	15.7749	16.4332	17.0446	17.6441	18.1051	18.4683	19.1531	19.2094	18.9763	19.8247	20.242	20.2	20.1819	20.1509	20.1535	20.2187	20.1049	19.6762	19.8346	19.5376	18.9556	18.4323	18.1856	17.8935	17.5247	17.4628	17.4011	16.681	15.6842	14.9048	14.2728	13.4201	12.6295	12.0603	11.6209	11.4853	11.3809	11.3958	11.477	11.4769	11.8265	12.2417	12.4503	12.7499	13.0954	13.0478	12.8857	12.7015	12.7854	13.3933	13.8694	14.5039	15.305	16.1081	16.8052	17.1349	17.5787	18.1749	19.3321	20.1361	20.6679	21.5746	22.4593	23.0676	23.6481	23.9797	24.3698	24.8181	25.0089	24.1344	23.4053	23.1376	22.5208	22.5488	22.8963	23.2202	23.3126	22.9058	24.1301	24.2341	23.2565	22.1552	21.0526	20.0021	19.3661	19.3479	19.6061	19.7211	20.1011	21.3875	21.936	22.3025	22.1836	20.3842	18.3725	16.7073	15.1389	13.5389	12.0723	10.7428	9.80368	8.71783	7.90362	7.20692	6.79441	6.67009	6.6928	6.71813	6.73978	6.80331	6.7331	6.39111	5.82625	5.13485	4.28643	3.57953	2.9898	2.58223	2.3129	2.12439	2.00381	1.91944	1.8573	1.80197	1.76045	1.72679	1.69598	1.66549	1.64214	1.61847	1.59705	1.58338	1.56566	1.54289	1.53112	1.51893	1.50512	1.49313	1.47556	1.46468	1.45644	1.44209	1.4337	1.42529	1.4187	Arabica
C03	13.1183	13.5071	13.4735	12.8714	12.1819	11.2395	10.5157	10.4682	10.4287	10.2128	10.0583	10.0334	9.99019	9.91249	9.88368	9.77357	9.74822	9.78748	9.82433	9.89962	9.79624	9.71884	9.67437	9.46662	9.39547	9.47835	9.52437	9.45065	9.29447	9.08922	8.99567	9.03936	9.25825	9.42394	9.43104	9.57344	9.77067	10.1431	10.6202	10.9334	11.1971	11.492	12.003	12.6009	12.8725	12.8844	13.1407	13.5323	13.6951	13.9308	14.2035	14.8618	15.683	16.2402	16.6328	17.418	18.6248	19.1839	20.1394	20.654	20.427	20.7904	21.4912	22.2949	22.6314	22.8644	23.071	23.7587	24.3997	24.6908	24.989	24.7212	25.1601	25.8231	25.9689	25.4025	24.5526	24.1646	23.6946	23.3538	23.4087	23.737	24.3439	23.8396	22.9628	23.1391	22.8281	22.5701	23.0134	23.2718	23.08	22.6451	22.578	22.2588	21.7952	21.6325	21.3689	21.3723	21.0923	20.7276	20.2843	19.8226	19.7578	19.7926	19.9588	19.8166	19.5195	19.5611	19.5775	19.865	20.389	20.7335	20.9617	21.1386	21.5489	21.9886	22.5779	23.0369	23.4945	23.5253	22.9422	22.9554	23.0861	23.177	23.1054	22.7115	22.3445	22.1566	21.8208	21.3264	20.8987	20.5572	20.3052	19.9758	20.0889	20.1423	20.0815	20.105	19.896	20.0105	20.4218	20.7725	21.4701	22.2857	22.737	23.4314	23.9186	23.9194	23.9447	24.2779	25.0418	25.4712	26.2407	26.2969	26.1434	26.7073	26.5731	26.1728	25.3318	25.0326	24.9576	24.254	23.8899	23.701	23.4558	23.029	22.5267	22.3635	22.0129	21.3087	20.2575	19.224	18.141	17.1399	16.3255	15.63	15.6104	15.6567	15.4241	15.4871	15.6387	16.3078	16.6489	17.0394	17.4403	17.5249	17.3117	17.1483	17.1973	17.3364	18.1223	18.4571	19.2013	20.0092	20.4114	21.2613	21.7805	22.602	23.31	24.6045	25.4875	26.4029	26.949	27.4743	29.2252	30.3448	31.2831	31.8743	31.6829	31.3076	31.2459	30.8819	29.9705	29.1597	28.3685	29.0198	29.2369	29.6137	30.6645	31.9033	31.8241	30.6836	29.1878	27.8958	26.6454	25.7578	25.0624	25.1495	25.7936	26.1658	27.1683	28.2226	29.1017	28.6276	26.6324	24.1799	21.9792	20.3545	18.3675	16.44	15.114	13.8944	12.216	11.0549	10.2883	9.92682	9.84414	9.96375	10.0979	10.3662	10.6623	10.4701	9.9899	9.18651	8.09026	6.70231	5.57339	4.63652	3.97504	3.52238	3.21179	3.02448	2.88544	2.7871	2.70372	2.64032	2.57977	2.52972	2.49641	2.45831	2.42725	2.40012	2.3725	2.34823	2.31534	2.29379	2.27384	2.25448	2.23672	2.21423	2.19622	2.18165	2.1646	2.14642	2.13326	2.12156	Arabica
C04	15.6684	15.8039	15.9776	15.5695	14.9504	14.0296	13.3967	13.0924	12.785	12.83	12.8657	12.866	12.8824	12.5135	12.1732	12.0553	11.8665	11.7348	11.7941	11.987	11.956	11.5626	11.4544	11.5084	11.3067	11.1605	11.2685	11.6084	11.5522	11.1112	10.9585	11.0565	11.2179	11.3352	11.4013	11.4933	11.6961	12.0631	12.6045	13.1291	13.5182	14.056	14.5228	15.0439	15.7002	15.9399	16.1637	16.289	16.5836	16.8834	16.7195	17.021	17.6273	18.2521	19.227	20.064	20.9711	22.0647	22.6244	23.3961	24.1649	24.8229	25.3689	25.4267	25.7396	26.4159	26.1846	26.4132	27.3578	27.7801	28.4886	28.9587	29.4253	29.2336	28.5368	28.5282	27.6485	26.7158	27.0506	26.9402	27.1249	27.8709	27.2756	26.6543	26.4841	25.9878	26.1479	26.4276	26.2646	26.1567	27.0521	28.0583	27.5117	26.81	26.4573	26.7451	26.8993	25.4312	24.5451	24.7283	24.3569	23.7016	23.7934	23.8361	23.5172	23.5379	23.3452	22.8921	22.9544	23.6146	24.0096	24.4388	24.9262	25.2338	25.5673	26.4035	27.1998	27.5084	27.9105	28.0831	28.4007	28.1622	27.9355	28.6109	28.6128	28.2263	27.2974	26.3569	25.6002	24.7592	24.6452	24.5384	24.1301	23.697	23.2204	23.1784	23.656	23.5638	23.6591	23.8712	23.6522	23.9273	24.8386	26.0292	26.7003	27.1574	28.0514	28.9103	28.5421	28.311	30.2611	30.6538	29.6875	29.4924	29.8145	30.4884	30.4642	30.1902	29.6703	28.9545	28.7492	29.3187	29.0511	27.9724	27.2733	27.2166	27.4451	26.8336	25.9336	24.8057	23.1734	22.0272	20.5589	19.4341	18.7011	17.6955	17.2657	17.7131	17.8113	17.3576	17.3155	18.6169	19.5212	19.8461	20.1618	20.4846	20.2167	19.4928	19.0073	19.0596	20.017	20.9732	21.7903	22.0542	22.3418	23.741	24.8062	26.0367	26.82	27.7454	28.7544	30.0087	31.2481	31.9105	31.7164	32.2136	34.2069	35.3266	34.7283	35.1582	35.4163	35.2501	34.8078	34.2853	35.279	34.938	33.3489	34.4315	35.8643	34.9117	35.9304	35.4332	32.3955	29.3281	28.4044	28.7869	28.3367	28.8496	29.8036	30.1958	31.4554	33.0396	34.0727	34.105	31.9361	27.9485	25.4686	23.5906	21.2507	19.3114	16.6817	14.6163	13.0888	11.8774	10.7189	9.97131	9.45312	9.19988	8.98977	8.86389	8.79492	8.53946	8.12534	7.54789	6.86799	6.03913	5.33854	4.76264	4.34497	4.05889	3.87339	3.73235	3.60516	3.51508	3.46363	3.42113	3.36998	3.32178	3.27873	3.26272	3.23202	3.19923	3.17351	3.13914	3.11073	3.10081	3.07568	3.04602	3.02012	2.98741	2.96382	2.95481	2.94252	2.90902	2.88099	2.8762	Arabica
C05	16.635	17.0553	17.6105	17.2116	16.2179	15.2878	14.4241	13.9289	13.5515	13.289	13.2891	13.0456	12.9753	13.1952	13.004	13.0089	13.0857	12.9816	13.0584	13.139	13.1453	13.1752	13.0959	12.8353	12.5651	12.4963	12.6941	12.7697	12.5103	12.2744	12.2836	12.3178	12.3596	12.4927	12.7489	12.9003	13.1011	13.6062	14.168	14.7698	15.1749	15.5816	16.0977	16.6064	17.5032	17.788	17.3766	17.6483	18.0871	18.2295	18.7207	19.568	20.3388	20.8379	21.6577	22.5853	23.4483	24.7989	25.4408	25.3354	25.5572	26.3133	26.9083	26.6675	26.7937	27.401	28.9733	30.0317	29.448	29.62	30.3858	30.3177	30.0572	30.5625	31.208	30.7517	30.0805	29.8425	29.6544	30.3474	30.736	30.1394	29.7551	29.5689	29.0716	28.3586	28.0769	28.8131	29.1399	28.5295	29.0242	29.9301	29.5314	28.2804	28.2658	29.0483	28.3916	27.3383	27.1869	26.8969	26.3828	26.2521	25.9182	25.8589	25.9492	26.1313	26.3244	25.633	24.969	25.2575	26.468	27.5225	27.2529	27.0171	27.701	28.0524	28.1973	28.9991	29.6994	30.2191	29.9613	29.3965	29.7467	30.08	30.1867	29.9009	28.6733	28.1379	27.9882	27.6789	27.3485	27.1635	27.065	26.5102	26.3485	26.2825	26.0775	25.6178	25.2843	25.5655	25.9928	26.7696	27.6711	28.2624	29.3034	29.8862	30.2642	31.6244	30.941	29.9439	31.174	31.386	31.3397	32.4807	32.9539	32.4544	32.3315	32.5114	32.3914	32.107	31.3858	30.8221	31.0547	30.6353	30.0798	30.2098	29.6959	28.8337	27.7974	27.0935	26.1421	24.7234	23.3295	22.7699	21.9844	21.1843	20.8331	20.7523	20.7376	20.4699	20.7436	21.4213	21.5983	22.355	22.7231	22.4905	22.6287	22.9011	22.6297	22.477	23.5214	23.6629	23.8926	24.7027	25.59	27.2002	28.1108	28.2119	28.8482	30.2255	30.6836	31.4654	32.3358	33.2703	34.1487	35.0586	36.6063	38.0354	38.1068	37.9138	38.6286	38.434	37.6855	37.0268	37.1435	36.7822	37.2888	38.0299	38.8521	40.6642	38.9315	37.9769	36.6206	33.65	32.4884	32.2669	31.5359	31.4685	32.3725	33.6249	34.5096	35.5001	36.5521	36.6058	34.9387	31.6285	28.8498	26.8744	24.4172	22.2914	20.3105	18.4596	16.4469	14.8914	13.4584	12.5692	12.1728	12.0386	11.9647	12.0838	12.1779	12.03	11.5916	10.6625	9.45392	8.1034	6.97849	5.96096	5.26218	4.80672	4.47733	4.25778	4.10055	3.98948	3.88981	3.8038	3.73237	3.68415	3.6482	3.61457	3.57323	3.52856	3.4934	3.46483	3.43559	3.41382	3.37919	3.34255	3.31096	3.28187	3.26316	3.24158	3.21355	3.18382	3.15736	3.14658	Arabica
C06	13.1653	13.5874	13.9986	13.4769	12.5776	11.9899	11.2436	10.6925	10.4698	10.374	10.3609	10.2128	10.0197	9.94439	10.0708	10.1235	10.0318	9.98995	9.95104	9.99684	10.0012	9.86314	9.71287	9.44009	9.19406	9.16316	9.22319	9.15571	8.92693	8.7243	8.73797	8.92036	8.99544	9.03883	9.15937	9.30969	9.55503	9.81978	10.094	10.4494	10.6909	10.86	11.2026	11.6217	12.0874	12.1941	12.0942	12.2876	12.739	13.2496	13.5996	14.0277	14.4375	15.2087	15.9887	16.881	18.3684	19.209	19.5139	19.8807	20.3727	20.6495	21.1965	21.3914	21.3797	21.8915	22.5135	22.8543	22.9196	23.5448	23.9372	24.4842	25.1318	25.3195	25.1954	24.4526	23.374	22.8815	22.818	22.7359	22.7597	22.7137	22.4916	22.2592	21.8733	21.4991	21.1886	21.3594	21.857	21.8446	21.5921	21.167	20.7391	20.5246	20.6337	20.4843	20.0553	19.8512	19.8942	19.5355	18.789	18.4972	18.2361	18.0335	18.2218	18.684	18.5639	17.8436	17.728	18.1002	18.7877	19.5124	19.7363	19.88	20.0182	20.0867	20.4926	20.995	21.1098	21.4479	21.5523	21.2979	21.4166	21.6238	21.8324	21.5943	20.8513	20.3163	19.9271	19.5663	19.3882	19.1391	18.8207	18.412	18.1581	18.5287	18.5402	18.1579	18.105	18.2811	18.547	18.6707	19.4923	20.6491	21.2633	22.1241	23.1013	23.3505	23.2303	23.2378	24.062	24.6732	24.5433	24.7357	24.5588	24.2301	24.4807	24.5047	24.3477	23.8198	22.8676	22.3878	21.9962	21.5954	21.4277	21.1102	20.848	20.3219	19.5425	19.1539	18.3169	17.3596	16.3465	15.4287	14.5037	13.924	13.9502	13.9235	13.8607	13.9589	13.8651	14.3419	14.8233	14.8672	15.0288	15.3659	15.3328	15.1323	15.0357	15.0387	15.8047	16.4601	17.0904	17.7476	18.3323	19.1453	19.8932	21.0637	21.9959	23.6093	24.9002	25.2043	25.4485	26.4756	27.1662	27.9288	28.9972	29.4461	29.9798	30.4173	29.8643	28.1022	27.1002	27.1192	27.2742	28.1407	28.5622	29.4496	28.9035	28.4482	28.9096	28.2878	27.0625	24.6268	23.3692	23.1371	22.5254	21.97	22.4851	23.4559	24.7386	25.9841	26.2998	25.5355	23.6054	21.4887	19.7264	18.031	16.2115	14.7518	13.4413	12.1788	10.9755	10.1193	9.3913	8.88357	8.64387	8.79958	8.98761	9.15813	9.308	9.20295	8.786	8.09396	7.19934	6.02257	5.06818	4.22813	3.62632	3.23804	2.96244	2.78868	2.65771	2.56018	2.4857	2.43945	2.38589	2.33074	2.3003	2.26586	2.22402	2.20021	2.18342	2.15828	2.12843	2.11259	2.08723	2.06117	2.045	2.02365	2.00871	1.99009	1.96517	1.95366	1.94245	1.93031	Arabica
C07	12.6072	13.2773	13.1779	12.5709	11.8189	11.0288	10.5069	10.0282	9.71692	9.6538	9.7551	9.75032	9.68966	9.67596	9.56804	9.35171	9.13754	9.13383	9.1844	9.2432	9.31284	9.1879	8.96944	8.75689	8.63654	8.63296	8.67952	8.82389	8.84034	8.65415	8.449	8.57229	8.76218	8.8202	8.9469	9.09175	9.34937	9.73726	10.1738	10.529	11.0035	11.4837	11.9678	12.463	12.8615	13.2342	13.4937	13.635	13.8455	14.1967	14.4722	14.9839	15.5755	16.5107	17.6567	18.6573	20.1777	21.505	21.6899	22.0469	22.7803	23.7375	24.9838	25.0973	25.1083	25.0978	25.6951	27.0699	27.9214	27.9119	27.4904	28.3151	29.3286	28.8722	28.0997	28.048	27.0038	24.6834	24.6451	25.6009	25.229	25.7459	26.3308	25.5905	24.6548	24.3611	24.5386	24.5026	24.7858	25.2142	25.2996	25.612	25.399	24.7357	24.6965	24.3219	23.4034	23.2392	22.8347	22.0266	21.265	20.9338	20.9497	20.8099	20.7738	20.6584	20.2325	19.9548	20.0212	20.5721	21.8055	22.0778	22.2337	22.992	23.577	23.8803	24.3141	25.1208	25.5131	25.6317	25.9431	25.7551	26.2463	26.8689	26.2982	25.3754	24.1664	23.4709	22.7301	22.6023	22.5907	21.9226	21.1879	20.8287	20.6478	20.5591	20.6724	20.481	20.2596	20.4738	21.0516	21.8701	22.7253	23.7259	24.8127	25.9265	26.7968	27.8997	28.3162	27.959	28.3155	28.3105	28.8068	28.2939	27.6712	27.9522	28.0605	27.5853	26.6326	26.4627	26.0629	25.4912	24.864	24.325	23.8003	23.4128	23.0619	23.0036	22.2766	20.5537	19.121	18.0095	16.8476	15.7421	14.8737	14.2632	14.2792	14.2713	14.0865	14.1637	14.2618	15.2363	15.9607	16.3276	16.6348	16.8038	16.8452	16.6132	16.356	16.4404	17.5776	18.3462	19.3144	20.4356	21.1136	22.1706	22.7169	24.0696	25.8642	27.3548	28.4168	29.2391	30.6438	32.3356	33.3435	34.0593	35.4043	36.084	34.9103	34.1539	34.3391	33.1765	31.4734	30.5335	31.5487	32.7687	32.1595	32.6861	32.3876	32.9285	33.0986	31.3643	29.1061	27.4451	26.0446	25.07	25.6578	26.2724	26.577	27.3229	28.0687	29.4966	30.0982	28.4708	26.0163	23.4013	20.4808	18.1513	16.1844	14.3552	12.3888	11.0321	9.7263	8.69517	7.84497	7.35594	7.13211	7.08745	7.04609	7.03501	7.08327	6.96716	6.63722	6.03923	5.29346	4.47917	3.83074	3.2446	2.83634	2.57709	2.38562	2.26121	2.17217	2.10768	2.05649	2.01278	1.96864	1.94084	1.92203	1.89625	1.86925	1.85111	1.83183	1.81125	1.79025	1.77434	1.76037	1.74672	1.72911	1.71206	1.70055	1.68431	1.67021	1.65823	1.64003	1.63134	Arabica
C08	16.1092	16.3407	16.398	16.0931	15.6604	14.8021	13.9526	13.5679	13.285	13.214	13.1776	13.088	13.1104	13.1604	12.6787	12.3004	12.2942	12.4107	12.3653	12.2944	12.3032	12.1249	11.8455	11.5354	11.3593	11.4269	11.4371	11.4808	11.5612	11.3996	11.2885	11.2602	11.2241	11.2448	11.4518	11.7256	12.0295	12.4344	12.8682	13.1768	13.5581	13.9619	14.572	15.4691	15.9984	16.2371	16.1227	16.0338	16.1519	16.4122	17.0268	17.7243	18.1697	18.8047	19.348	19.9363	21.2741	22.0486	22.6179	23.7191	24.4056	24.4585	24.2217	24.9923	25.7344	26.2503	27.0267	26.8791	26.7499	27.847	28.5672	28.5189	28.784	28.4019	28.4128	28.2471	27.9332	27.4894	27.5018	27.7354	27.5379	27.4045	27.1361	26.3458	25.5598	25.6717	25.7273	25.6062	26.0733	26.642	26.7539	26.707	26.7693	26.7062	25.6327	24.5301	24.6828	25.2279	25.1597	24.3724	23.8372	22.9883	22.5646	22.7822	22.6602	22.7056	22.6395	22.899	22.9506	22.9608	23.2471	23.8703	24.6181	24.9397	25.2531	25.6366	26.0786	26.3168	26.6354	27.3076	28.222	28.4464	28.1698	28.2246	27.9276	27.2875	26.6549	25.8514	25.2845	24.9051	24.2361	23.9972	23.6176	23.2884	23.2651	22.6445	22.6869	22.9955	22.6797	22.7009	23.273	23.773	24.2242	25.1894	26.2565	27.2619	28.1516	29.325	29.3965	28.7029	29.8022	30.6164	30.4941	30.1217	30.2071	30.5688	30.28	30.1366	29.5859	29.0118	28.8352	28.4107	27.7756	27.1745	26.9603	26.8461	26.4568	25.9624	25.5272	24.4151	22.9992	22.006	20.8238	19.5244	18.4575	17.8695	17.8158	17.849	17.7194	17.6198	17.7205	18.3495	18.8766	19.0219	19.4242	19.9425	19.6889	19.5424	19.4915	19.6565	20.3593	20.9695	21.9925	22.6337	23.1437	24.4284	25.1955	26.1451	27.0992	28.6429	29.836	30.7546	31.6222	32.5602	33.6778	34.3023	34.6975	36.3159	36.502	36.09	37.4633	37.9164	36.2932	35.0295	34.9997	35.4246	35.7481	35.2869	35.9134	36.5959	36.8306	37.0701	34.7284	31.7852	30.2524	29.0777	28.7034	29.4357	29.7881	29.9836	31.0537	33.5712	34.2278	32.7981	29.678	27.3639	25.6062	23.3487	21.1631	18.8138	16.6394	14.9883	13.4215	12.2383	11.2019	10.5845	10.0286	9.7984	9.86126	9.85778	9.79072	9.61166	9.20109	8.56025	7.74946	6.70533	5.83562	5.09588	4.59232	4.26926	4.02033	3.86149	3.74161	3.65305	3.56842	3.4959	3.43458	3.39398	3.35317	3.30962	3.28227	3.25618	3.2285	3.18774	3.16187	3.13851	3.10826	3.08696	3.04918	3.01339	2.98829	2.97204	2.95511	2.9317	2.91729	2.90655	Arabica
C09	13.5699	13.7229	13.8918	13.5254	12.8657	11.9035	11.0581	10.7377	10.579	10.3998	10.1161	10.157	10.281	10.2255	10.2653	10.2703	10.2326	10.1788	10.1543	10.2083	10.1986	10.1702	10.0366	9.85302	9.6941	9.49034	9.53617	9.67521	9.55884	9.31426	9.30507	9.43608	9.51014	9.53289	9.58239	9.81043	10.0684	10.4172	10.9174	11.4175	11.6744	12.0582	12.5044	12.8029	13.1665	13.4991	13.642	13.6614	13.8615	14.1232	14.5935	15.2037	15.9285	16.6104	17.2274	17.9822	19.2363	20.304	20.817	21.4378	22.2586	22.7979	22.8577	23.3201	23.4262	24.1364	25.3016	25.7135	26.06	26.4202	26.6708	26.6006	26.795	27.3324	27.2314	26.406	25.23	24.39	24.4433	24.8793	25.2945	25.0434	24.6218	24.1462	23.4822	23.1639	22.7867	23.2942	24.0771	23.9305	24.3209	24.1113	23.6247	23.9363	23.516	22.9285	23.0264	22.9131	22.5055	21.7662	21.2314	21.008	20.8514	20.4972	20.8302	21.4811	21.0081	20.5951	20.6552	21.0308	21.3155	21.7226	22.3704	22.4133	22.8359	23.6093	24.1253	24.4081	24.5837	25.0462	25.0496	25.4577	25.6379	25.3416	24.9162	24.5351	24.1528	23.7568	23.4624	22.9212	22.2938	21.788	21.358	21.3359	21.1539	20.9279	20.9156	20.8216	20.5847	20.7926	21.5859	21.6604	22.0898	23.2174	24.2152	25.0781	26.1028	26.5608	26.0958	25.4004	26.2688	27.6548	27.617	27.2196	26.8777	26.8563	27.2298	27.1349	26.4514	25.6212	25.2277	25.1997	24.6969	24.0519	23.5836	23.6134	23.5233	22.9913	22.175	21.365	20.1316	18.9307	17.8006	16.8104	16.0152	15.4744	15.2835	15.0254	15.0709	15.0883	15.083	15.9072	16.5372	16.7964	16.888	17.3808	17.2287	16.7199	16.6323	16.72	17.6915	18.3129	18.6503	19.2989	20.2395	21.5934	21.8303	22.2687	23.5052	25.4236	26.7069	27.4695	28.3673	29.6053	30.6452	31.4908	31.8241	32.3211	32.9737	33.4704	32.5955	31.8273	31.639	30.265	30.407	32.0506	32.1059	32.3886	32.516	33.0388	32.5146	31.0689	29.8666	28.4709	27.8027	26.6144	25.4632	25.8204	26.2226	27.239	28.2583	29.5494	31.7905	30.6658	28.0253	25.3996	23.1416	21.3272	19.1654	17.152	15.1658	13.7305	12.257	11.013	9.99449	9.32489	8.85428	8.5909	8.46905	8.47474	8.51147	8.37192	7.99215	7.28857	6.49621	5.59766	4.84	4.18255	3.70601	3.38163	3.16301	3.02096	2.90232	2.81951	2.75938	2.70489	2.65011	2.59922	2.57206	2.55689	2.52781	2.50211	2.4766	2.45146	2.4305	2.41351	2.3879	2.36699	2.34264	2.32316	2.31179	2.29546	2.2721	2.25531	2.24738	2.23019	Arabica
C10	14.6702	14.9599	14.8625	14.3287	13.4261	12.4048	11.5244	11.1337	10.9813	10.8439	10.7907	10.5221	10.5005	10.6252	10.5305	10.4974	10.3953	10.3616	10.5463	10.5359	10.3701	10.3019	10.1607	9.93671	9.66996	9.59095	9.71462	9.62306	9.45242	9.34263	9.27469	9.40021	9.5907	9.57157	9.67354	9.99599	10.1479	10.4966	11.0686	11.5659	11.9866	12.2899	12.8509	13.5703	14.0373	14.2148	14.2917	14.4467	14.7589	15.1819	15.5634	16.2245	17.2438	18.2963	19.36	20.7398	22.0772	23.2566	24.5556	25.2469	25.2872	26.0306	26.7138	26.7558	27.5754	27.9595	27.9405	28.8907	29.3041	29.6285	31.2286	31.6727	30.6992	31.446	31.3906	30.5465	29.5957	27.6935	26.9321	27.5801	28.7912	28.6893	28.3001	27.1614	26.1212	25.8862	26.2499	26.9686	27.1571	27.0326	26.8064	26.7334	26.253	25.9831	25.7364	24.9294	24.5586	24.5374	23.9931	23.118	22.5121	22.2716	22.1222	22.2913	22.8006	22.5323	21.8164	21.8406	21.9778	22.4574	23.431	23.872	24.2506	24.9219	25.2787	25.9476	26.7185	26.7031	26.7234	27.1211	27.3348	27.433	27.7518	27.9657	27.7311	27.1244	26.5778	25.8302	24.9805	24.8655	24.2868	23.5445	23.2684	23.0322	22.848	22.5037	22.1379	22.0403	22.3835	22.9603	23.4244	23.8804	24.6895	25.6166	26.7024	27.5058	28.8511	30.0419	29.3345	29.2015	30.0856	30.4385	30.6529	31.0893	30.8861	30.6202	30.8389	30.1345	29.5129	29.6658	28.5668	27.6222	27.3048	27.0411	26.8438	26.4212	25.5961	24.7339	23.73	22.9664	21.2702	19.8104	18.5915	17.5639	16.8575	16.5016	16.4541	16.1446	16.0559	16.0973	16.2773	17.0465	17.7469	18.4045	18.8198	18.6072	18.6078	18.7127	18.4028	18.5385	19.5593	20.2799	21.3103	22.6794	24.2165	25.0226	25.6494	26.8525	27.8483	29.4694	31.2965	32.5497	33.1187	34.419	36.0152	36.5362	37.3366	38.1552	37.0853	36.9947	36.8338	35.1774	34.2608	33.5358	34.3965	35.5719	35.2808	35.9688	36.1468	36.6351	36.2504	34.5402	32.8781	30.6641	29.2925	28.0318	27.2209	27.078	27.9281	29.6255	30.6389	32.4344	33.1908	30.8956	28.1108	25.0908	22.2522	20.0759	18.0636	16.278	14.3517	12.8989	11.5687	10.5366	9.60136	9.09166	8.95376	9.1378	9.34138	9.4711	9.74116	9.77958	9.36673	8.55518	7.44449	6.09503	5.02058	4.12308	3.51146	3.11663	2.83507	2.65634	2.53134	2.44771	2.38705	2.32422	2.25911	2.21657	2.19269	2.16377	2.12945	2.10904	2.08784	2.05929	2.03745	2.02096	1.99339	1.97328	1.96026	1.94255	1.92177	1.90294	1.89233	1.88427	1.86981	1.8585	Arabica
C11	13.8306	14.0384	14.1074	13.7636	12.7729	12.0392	11.414	10.7646	10.7574	10.8692	10.7983	11.0278	10.9102	10.4885	10.4805	10.2593	9.9532	9.78921	9.81927	10.1449	10.1572	10.0063	9.8993	9.70887	9.58921	9.72245	10.0561	10.3532	10.2317	9.84379	9.7112	9.73447	9.77957	9.92407	10.0522	10.29	10.6044	10.9701	11.5456	12.1527	12.6598	13.1296	13.7446	14.5041	15.4274	15.8859	15.8522	16.2609	16.5887	16.8622	16.9686	17.4247	18.3012	18.6943	19.7729	20.9965	21.6722	22.5963	23.5413	24.3096	24.5194	24.9618	25.5459	25.963	27.4375	28.1116	27.7338	27.8845	28.8586	28.925	28.4257	28.6738	29.4029	30.7919	29.4746	28.4466	28.5797	27.7908	27.2631	27.4759	27.7422	27.0333	27.0219	27.4539	26.9795	26.843	26.7731	26.0776	25.8637	26.5032	27.3271	27.5297	27.1041	26.5175	26.1137	25.7284	25.3011	24.8827	24.4043	23.9565	23.7564	23.7077	23.7565	23.8845	23.3636	23.0462	23.0223	22.6127	22.7584	22.9993	23.6195	24.4123	25.0946	25.9096	25.9501	26.4065	26.7138	26.6691	27.4567	28.4261	28.4599	28.6096	28.8212	28.5682	28.5802	27.5965	26.7206	26.3553	25.7458	25.4146	24.8824	24.3704	23.6526	23.2569	23.4244	23.0738	22.6562	22.8419	22.9824	22.9653	23.2322	23.4687	24.4094	26.219	26.9403	27.2644	27.9279	28.5263	28.5208	28.9406	29.9026	29.6793	30.0482	30.4934	30.6297	30.7913	30.5951	29.7751	29.5347	29.1281	28.5012	28.3684	27.7484	27.5909	27.1722	26.391	26.2478	26.0069	24.5061	23.3935	22.1716	20.9118	19.6404	18.2104	17.3671	16.8057	16.2017	15.9636	16.1359	16.0597	15.9449	17.0503	17.9548	18.3673	18.6975	19.0594	19.001	18.4334	18.1917	18.4496	18.6854	19.2954	20.3029	21.3564	22.2591	23.2811	24.4101	25.4858	25.9077	27.8892	29.6441	29.53	30.3263	32.1931	33.5827	34.1168	34.708	35.3673	35.5305	34.6627	34.5251	35.8149	35.4775	34.5683	34.6813	34.785	34.6698	35.9484	37.8263	37.114	35.5412	33.9964	32.0482	29.8182	28.2227	28.0049	27.6389	28.5575	30.0129	30.61	31.5164	32.419	33.0573	32.6069	29.8406	26.1826	23.6808	21.3724	18.8395	16.6475	14.4609	13.003	11.5371	10.3713	9.35283	8.6696	8.22332	7.97591	7.81105	7.7056	7.64474	7.43452	7.06752	6.50937	5.84576	5.07127	4.43241	3.90726	3.53141	3.25682	3.05547	2.9324	2.84038	2.76026	2.70945	2.67431	2.62383	2.58359	2.54665	2.52794	2.51527	2.50376	2.49003	2.45317	2.42037	2.41067	2.38603	2.36446	2.34234	2.31735	2.30586	2.29508	2.28235	2.26251	2.23589	2.22746	Arabica
C12	14.6194	14.56	14.5964	14.1968	13.5718	13.0568	12.3527	11.8418	11.7289	11.6436	11.4507	11.5887	11.7529	11.5787	11.1902	10.8795	10.7244	10.7438	10.8353	10.7612	10.707	10.5226	10.2981	10.2532	10.2072	10.1797	10.3319	10.4411	10.375	10.2287	10.1057	10.0723	10.1119	10.2438	10.4495	10.6756	10.8525	11.1158	11.4327	11.8479	12.5546	12.9379	13.3894	13.9347	14.3025	14.7463	14.9579	14.8559	14.8554	15.1227	15.1932	15.4175	15.9278	16.283	17.2844	18.2878	18.3046	18.8151	19.9207	20.5222	20.9251	21.4686	21.8457	22.1012	21.2614	21.5019	22.4425	22.5122	22.7809	23.6408	24.5132	24.3228	24.1895	24.0554	24.5741	24.6435	23.9082	23.8158	23.3742	23.0055	22.6784	23.321	24.2145	23.8449	23.136	22.5342	22.699	22.653	22.3273	22.8352	23.5657	23.7913	23.7946	23.5008	22.8621	22.6165	22.6319	22.494	22.0312	21.7807	21.4635	20.7001	20.3441	20.4482	20.6106	20.6065	20.3539	20.1455	20.154	20.1793	20.6645	21.4163	21.6537	21.6957	21.8219	22.077	22.5561	23.2759	23.5399	23.2852	23.74	24.1277	24.1226	24.5288	24.2932	23.8795	23.336	22.8121	22.5708	22.025	21.7283	21.4394	20.8371	20.5585	20.5358	20.34	20.3	20.4209	20.3616	20.2341	20.149	20.6992	21.4791	21.724	22.0617	22.6861	23.3546	23.7953	23.6009	23.2213	24.0226	25.0879	25.4535	25.4062	25.6392	26.0284	25.9849	25.8705	25.5165	24.6184	24.3845	24.4212	24.2333	23.8898	23.4857	23.4558	23.1364	22.7984	22.3992	21.6528	20.3004	19.2622	18.5931	17.7885	16.9703	16.3128	16.1813	16.1255	16.1279	16.2639	16.1436	16.59	17.0635	17.5086	18.4012	18.8567	18.4267	17.3859	16.8551	17.4679	18.102	18.5728	19.0795	19.3058	20.1874	20.4376	20.7568	21.7959	22.0497	22.685	23.4334	24.0189	24.6958	25.3067	26.2258	26.6443	26.8781	28.0017	28.6079	28.5392	29.0386	29.1545	28.3782	27.5218	27.8586	29.281	28.6012	28.4123	29.1394	30.3072	30.7272	29.5679	28.4561	26.9225	25.9194	25.1735	24.6852	25.1507	25.9532	26.1812	26.5375	28.4565	29.3319	28.1892	26.5959	25.0521	23.3904	21.6874	19.5956	17.3257	15.3969	14.0841	12.5432	11.3404	10.3777	9.68818	9.25778	9.14686	9.00574	8.89958	8.99078	8.8506	8.43183	7.77394	6.93823	5.9627	5.11959	4.41305	3.92079	3.5949	3.36235	3.20066	3.0797	2.99556	2.92677	2.87456	2.82415	2.77499	2.74552	2.71275	2.68768	2.6667	2.63985	2.6199	2.59257	2.56848	2.55192	2.54179	2.5228	2.488	2.46783	2.45905	2.43674	2.41935	2.41168	2.40428	Arabica
C13	17.2148	17.9564	17.8154	17.2089	16.3243	15.1322	14.6407	14.3357	14.0777	13.8364	13.7351	13.9906	14.1914	14.0251	13.5589	13.2337	13.3836	13.522	13.2832	13.2056	13.1261	13.0395	12.8602	12.7647	12.8716	13.074	13.2711	13.3873	13.4318	13.0565	12.7308	12.7036	12.764	12.9213	13.2451	13.4441	13.4687	13.8871	14.5543	15.1085	15.752	16.4065	16.914	17.529	18.1396	18.5831	18.729	18.7226	18.9413	19.0494	19.3719	19.9523	20.4548	20.8704	21.6452	22.4629	23.0012	24.1202	25.4637	25.691	26.0726	26.3231	26.7566	27.0428	26.7204	27.1259	27.1919	27.8067	28.3979	29.1758	29.4138	28.9482	29.5965	30.3692	30.1172	29.5203	28.6659	28.5367	28.8609	28.7315	29.9014	29.7912	29.0282	29.6	28.8979	27.9419	28.2968	28.4377	29.0054	28.5934	28.1304	28.1141	28.0804	28.8049	28.6855	28.0301	28.1115	29.0005	28.3463	27.2014	27.2475	26.6752	25.8195	25.9499	26.2658	26.3675	26.064	25.7691	25.4394	25.312	25.9084	27.0807	28.0687	27.8055	27.5699	28.2823	28.8464	28.3247	28.6297	30.0236	30.4742	30.5775	31.3131	31.1089	30.6846	30.7999	30.2	29.7028	29.0771	28.2102	27.6116	27.1848	26.9402	26.7574	26.3665	26.4274	26.3664	25.5621	25.6935	26.1786	26.3852	26.1361	26.3897	28.0545	29.7029	29.9194	29.389	30.1247	30.4232	30.3913	31.7273	31.5236	31.6946	32.9142	32.9765	33.4523	33.0876	32.0386	32.2872	32.9439	32.034	30.4062	29.5941	29.587	29.6139	29.9057	29.5424	28.749	28.048	27.1706	25.5659	24.6519	23.6324	22.4679	21.8507	20.8098	20.2504	20.3929	20.1821	20.1443	20.7194	22.0986	22.6042	22.6355	22.7737	23.2711	23.2044	22.8425	22.1786	21.9152	23.124	23.6408	23.8923	24.5894	25.1042	26.0278	27.1511	28.6336	28.5987	28.9761	30.6659	31.3941	31.4617	32.1248	32.9358	33.9254	35.5372	36.7572	36.4871	37.0971	37.3994	36.7208	36.1778	34.8069	35.8908	37.2132	37.4527	39.5311	39.1611	38.2258	37.8932	35.549	34.0029	32.9673	32.095	31.619	31.5206	33.07	33.6351	34.3868	36.5178	38.0244	38.3917	38.0103	36.4413	33.8521	29.8628	26.79	24.4854	22.1077	19.3085	17.2575	15.3736	14.117	12.9633	12.1281	11.565	11.2615	11.201	11.3296	11.3513	10.9763	10.3989	9.67506	8.75281	7.55121	6.58115	5.76759	5.19229	4.81901	4.55515	4.36093	4.19976	4.09263	4.01553	3.94511	3.87897	3.83797	3.81235	3.77059	3.7252	3.70814	3.6853	3.63832	3.60643	3.57746	3.53295	3.51225	3.48961	3.44386	3.41718	3.40733	3.37785	3.35287	3.33081	3.32339	Arabica
C14	13.4383	13.6874	14.0909	13.7422	12.8704	12.0256	11.451	11.0978	10.6804	10.4905	10.4478	10.4875	10.5958	10.4792	10.2092	10.0787	9.89566	9.71281	9.76627	9.88909	9.93687	9.91787	9.66278	9.3478	9.09063	9.03252	9.23336	9.32872	9.17317	8.91048	8.84036	8.88685	9.01745	9.1689	9.17845	9.33832	9.61591	9.85431	10.0975	10.4965	10.9851	11.4742	11.986	12.3782	12.7049	12.9826	12.995	13.1646	13.5213	13.6228	14.0989	14.7994	15.3326	16.0945	16.849	17.7102	18.7604	19.7414	20.1735	20.7116	21.4658	21.5302	21.5832	22.2467	22.8184	22.727	23.3355	24.2495	25.5342	26.318	25.9545	26.5324	26.7519	26.3721	26.0809	25.5999	24.6501	23.5277	23.0702	23.2923	23.4666	24.1559	24.4431	23.1362	22.5329	22.0649	22.3291	22.6537	22.3605	22.9384	23.1709	22.9192	22.9018	22.9341	22.3182	22.0109	22.1002	21.5847	21.3231	20.885	20.0691	19.6858	19.6189	19.5691	19.4926	19.4728	19.1769	19.0004	19.1901	19.6006	20.1322	20.4136	20.7358	21.0297	21.7426	22.52	22.7562	23.3727	23.6649	23.7467	23.8893	24.0864	24.047	24.0001	24.0635	23.4023	22.3354	21.7554	21.7573	21.2836	20.6538	20.1178	19.8868	19.4164	18.9012	19.0287	18.8637	18.9219	19.0693	18.9169	19.3288	19.8563	20.3965	21.5769	22.7122	23.2872	23.9231	24.5335	24.4964	24.4442	25.48	26.129	25.8111	26.1234	26.4904	26.0098	25.5989	25.4719	25.0943	24.7186	24.3469	23.4707	22.5125	22.4762	22.4089	21.9919	21.8291	20.9508	19.7522	19.0919	18.1113	17.2952	16.2869	15.3462	14.529	13.8086	13.5571	13.7099	13.6363	13.6171	13.6652	14.343	14.8258	15.2621	15.9244	16.0432	15.8291	15.2477	14.9198	15.1954	15.8483	16.5868	17.7242	18.3983	18.5244	19.7136	20.715	22.0223	23.2094	24.6827	25.7536	26.3051	27.755	29.4398	29.5678	30.3425	31.3495	31.4447	32.0267	32.3538	31.3853	30.6926	30.8238	30.0529	29.9462	30.4609	29.9467	29.9472	30.6309	31.6175	30.9415	29.6932	27.9258	26.2306	25.0583	23.649	23.1044	24.1076	25.0641	25.5238	26.0584	28.1645	29.2282	28.0026	25.6386	22.9202	20.5762	18.4023	16.6225	14.9285	13.2186	12.0009	10.6759	9.66202	8.85891	8.33911	8.02901	7.94926	7.9817	8.02981	8.09353	7.96437	7.5789	6.95622	6.22044	5.33482	4.57612	3.91718	3.44483	3.1376	2.9223	2.78411	2.6668	2.58294	2.52815	2.47632	2.41999	2.37989	2.35827	2.33271	2.30248	2.28723	2.26082	2.2274	2.20194	2.18112	2.16716	2.15198	2.12873	2.10624	2.09032	2.07497	2.0562	2.03964	2.02621	2.01941	Arabica
C15	11.7153	11.7827	11.9555	11.4649	10.6042	9.7844	9.16528	8.91971	8.6609	8.51306	8.66038	8.79462	8.78787	8.79666	8.54896	8.26646	8.35373	8.45126	8.53791	8.54924	8.5328	8.56003	8.36174	8.13974	8.1021	8.09832	8.19127	8.25002	8.09636	7.87147	7.82809	7.9305	8.02295	8.10847	8.15714	8.32514	8.53309	8.86563	9.36037	9.82818	10.3255	10.6135	11.0899	11.719	12.1646	12.4159	12.2818	12.3881	12.643	13.0788	13.566	13.9725	14.4975	15.5602	16.5019	17.3918	18.7569	19.5518	19.8101	20.2724	20.527	20.854	21.5295	22.0113	23.24	23.7296	23.6879	23.7957	24.3762	25.576	25.67	25.8559	26.166	26.1318	25.4237	24.9686	24.9713	23.573	22.9469	23.6569	24.264	23.945	23.7817	23.1872	21.8671	21.5564	21.7713	22.2535	22.5138	22.9683	23.1027	22.9353	23.0972	22.4675	21.9995	21.7658	21.665	21.6861	21.1864	20.5532	20.3115	19.7799	19.6353	19.9008	19.574	19.5812	19.7722	19.5063	19.3852	19.9136	20.3826	20.6088	21.0543	21.8933	22.46	22.3526	22.626	23.4698	24.2669	24.4104	24.3922	24.0313	23.9813	24.4984	24.673	24.1541	23.1317	22.3271	21.8066	21.4222	20.9582	20.7434	20.5692	20.1834	19.9637	19.9385	19.5248	19.52	19.9763	20.0521	20.3303	20.7965	21.2798	22.2132	23.6986	24.7519	24.8757	25.1564	25.6465	25.5217	26.2769	26.8629	26.8651	26.6911	26.6899	26.4881	26.0624	25.8952	25.985	25.423	24.4678	23.8547	23.0902	23.1424	23.0841	22.8825	22.3055	21.448	20.6129	19.7742	18.6913	17.649	16.5454	15.5769	14.8047	14.1101	13.7013	13.8551	13.9801	13.8128	14.0345	15.0296	15.6361	16.0724	16.2606	16.3909	16.074	15.7145	15.5974	15.6634	16.1242	16.6844	17.9206	19.0077	19.7552	21.0324	21.6142	22.2208	23.2612	25.0697	26.4873	27.8362	28.8981	29.4516	30.1646	30.8135	31.8654	33.0714	32.7274	32.7494	32.6915	31.7687	30.8747	30.2574	30.2029	30.614	30.1936	30.1738	30.7174	30.8856	30.9449	29.6318	27.1909	25.6717	24.9274	24.0826	23.6326	23.8835	25.0125	26.7145	28.4429	29.7443	29.9333	28.5163	26.2152	23.5817	21.4296	19.1148	16.8743	14.9476	13.0107	11.6989	10.2252	9.17545	8.35424	7.76466	7.46717	7.36646	7.33244	7.39727	7.45277	7.28635	6.91883	6.36256	5.63664	4.75096	4.06825	3.47834	3.03859	2.75716	2.55789	2.42352	2.32784	2.25552	2.1952	2.15167	2.11473	2.08102	2.05376	2.0359	2.01613	1.99765	1.97558	1.94909	1.92578	1.9132	1.90018	1.8869	1.87257	1.85351	1.83426	1.81788	1.80415	1.79388	1.77882	1.7654	Arabica
C16	13.6007	14.2786	14.3907	13.6154	13.0037	12.3543	11.7105	11.4263	11.1941	11.079	10.9283	10.6722	10.5301	10.517	10.5407	10.5234	10.2763	10.1548	10.2192	10.3266	10.2846	10.1554	10.0173	9.75623	9.60912	9.62304	9.76044	9.71127	9.54438	9.42868	9.38935	9.41778	9.43745	9.37968	9.41947	9.66182	9.9211	10.2201	10.4715	10.7959	11.3142	11.5362	11.7906	12.2014	12.5586	12.8359	12.7755	12.7681	12.9034	13.1996	13.482	13.9387	14.4645	14.9189	15.5314	16.486	17.6548	18.0053	18.5317	19.5084	19.8497	19.7939	19.4724	19.805	20.5438	21.0419	21.5886	21.9875	22.5311	22.6903	22.6422	23.0645	23.2994	22.7332	22.3366	22.5994	22.6617	22.0674	21.8538	21.4293	21.5122	22.1918	21.8003	21.2635	20.7876	20.7746	20.821	20.8524	21.3378	21.5334	21.2724	21.1984	21.1455	20.8389	20.5139	20.2439	20.2496	20.048	19.6431	19.2687	18.6486	18.4136	18.7573	18.9148	18.676	18.4834	18.1926	18.2158	18.3078	18.5618	19.4293	20.2031	20.253	20.142	20.6853	21.376	21.4318	21.3945	22.0566	22.2335	22.2327	22.4291	22.7556	22.8819	22.4614	21.9019	21.5278	21.3835	20.7646	20.1541	20.0507	19.6891	19.0363	19.0034	19.3112	19.1973	18.883	18.8426	18.854	18.9782	19.1162	19.3888	19.9933	20.8936	21.8518	22.6078	22.7784	22.5946	22.6872	23.1475	24.2438	24.829	25.0917	24.8641	24.4634	24.7189	25.0402	25.3088	25.0872	24.2839	24.0767	23.7221	22.9325	21.9263	21.5958	22.1358	21.6809	20.8484	20.5387	19.8814	18.8763	18.0849	17.1546	16.2556	15.5646	15.1373	14.8865	14.7341	14.6719	14.5599	14.4511	14.7252	15.3509	15.6536	15.7286	16.2097	16.3434	15.7914	15.5307	15.4363	15.9368	17.0173	17.8285	18.1282	18.8917	20.311	20.9934	21.9171	22.5221	23.1772	23.6516	24.6811	25.7077	26.4024	27.694	28.2932	28.9754	30.3264	30.7182	31.2973	31.4303	30.235	29.5215	29.1029	28.7602	29.2701	29.3246	29.4526	29.3155	29.901	29.8822	28.5796	28.4477	26.4595	24.7639	24.4436	23.0158	23.5683	25.129	24.8125	25.194	27.7677	28.7442	27.1485	25.2181	22.9774	20.9911	19.7673	17.8691	16.2068	14.5044	13.2241	11.9908	10.8548	9.85713	9.26093	9.04984	9.12271	9.17278	9.28889	9.38568	9.25674	8.93284	8.25544	7.33054	6.1576	5.2255	4.43537	3.88192	3.5205	3.25359	3.07557	2.9479	2.87041	2.79771	2.7226	2.66187	2.62351	2.59317	2.56266	2.53051	2.49568	2.47196	2.4462	2.41428	2.38989	2.36969	2.34715	2.32016	2.2934	2.27068	2.25399	2.23785	2.22182	2.19968	2.18307	Arabica
C17	11.3785	11.6504	11.6436	11.1123	10.4013	9.80023	9.25946	8.87279	8.81153	8.76372	8.73822	8.70868	8.75385	8.62852	8.34948	8.2661	8.21491	8.22777	8.26591	8.30948	8.39184	8.33173	8.18165	8.00933	7.74505	7.71683	7.9448	8.16333	8.11094	7.83828	7.71724	7.7557	7.78286	7.82618	7.95097	8.15425	8.30408	8.54982	9.11348	9.53765	9.87159	10.2929	10.656	11.2034	11.9667	12.5136	12.5608	12.5307	12.6155	12.8206	13.2379	13.7808	14.5143	15.2188	16.2415	17.575	18.7033	19.739	20.4261	20.857	21.2529	21.5678	21.8105	22.5826	23.6254	23.8724	24.1803	25.0347	26.0315	26.8131	27.4126	27.4292	26.6391	26.2183	25.8363	24.9234	24.0716	24.0099	24.4416	24.5934	24.5986	24.1066	23.5386	23.5064	22.7401	21.3729	21.2105	22.135	22.5965	22.956	23.3632	23.1423	22.4229	21.7061	21.4918	21.5279	21.3789	21.0988	20.6994	20.0626	19.5529	19.3918	19.0487	18.817	18.7731	18.7153	18.7334	18.8837	19.0198	19.2058	19.7075	20.6395	21.2103	21.2959	21.867	22.292	22.9631	23.7062	24.2556	24.831	24.8998	24.6038	24.2562	24.2246	24.2449	23.6005	22.4193	21.0344	20.8599	21.0378	20.198	19.4557	19.1109	19.3505	19.0316	18.4876	18.4135	18.4183	18.505	18.7634	19.2018	19.9619	21.1689	21.9367	22.8692	24.1902	24.9126	25.2882	25.4505	25.4236	26.3697	26.8588	26.4762	26.0925	25.5548	25.5203	25.6106	25.8879	25.7269	24.0428	22.7111	22.2656	22.0187	21.7463	21.5553	21.4053	20.9389	20.4872	19.4769	18.0047	16.854	16.038	14.7541	13.5152	12.7295	12.1798	11.9756	12.1225	12.2054	12.1376	12.1006	12.7984	13.5051	13.9567	14.2072	14.2689	13.9794	13.5369	13.2621	13.3732	14.2618	14.8818	15.5203	16.1201	17.2423	18.653	19.3424	20.5168	21.8396	24.457	26.0759	27.0079	28.6015	30.0279	30.8297	31.3391	31.9094	32.5603	33.7489	34.0078	32.9249	32.1594	30.5635	29.2149	28.8382	29.9932	30.736	30.6536	31.0939	30.4341	28.6683	26.0964	24.184	22.861	21.4912	20.9537	20.8151	21.8547	22.9864	24.0799	25.789	26.5666	26.5902	25.2596	23.1759	21.0342	18.583	16.335	14.3443	12.6999	11.1348	9.97125	8.73772	7.76574	6.87431	6.32056	5.92509	5.66423	5.50065	5.3641	5.2407	5.03837	4.74707	4.3687	3.96392	3.48209	3.11295	2.81884	2.58662	2.42036	2.30037	2.2283	2.16921	2.11465	2.07001	2.04123	2.01107	1.98069	1.96293	1.95051	1.92599	1.91567	1.90775	1.88656	1.86157	1.84659	1.83825	1.82141	1.80303	1.78888	1.77416	1.75943	1.74883	1.73786	1.72152	1.71339	Arabica
C18	13.6641	14.0242	13.9468	13.5393	12.9906	12.3171	11.8384	11.2482	10.9258	11.1749	11.2359	11.1549	10.9947	10.858	10.5198	10.2426	10.2851	10.1437	10.0737	10.2363	10.2381	9.93658	9.69931	9.64818	9.5886	9.75922	10.0362	10.0148	10.0139	9.87912	9.74127	9.7702	9.74216	9.73241	9.7738	9.79103	9.89643	10.3249	10.8604	11.4124	11.8866	12.2535	12.9933	13.8945	14.6055	15.2726	15.2929	15.1762	15.5789	15.7399	15.8213	16.7582	17.5239	17.8452	18.7318	19.653	20.7859	21.9133	22.6832	23.2083	23.4327	24.379	25.1203	25.4637	26.1327	26.5912	27.0469	27.3316	28.4427	28.5961	28.5661	29.5321	29.1224	29.4432	29.4413	27.2349	26.5876	26.4895	26.5855	27.0457	27.3509	27.3493	25.6393	25.1638	25.4605	25.0968	24.7493	24.4616	25.2639	26.2201	25.8884	25.9924	25.7935	25.0939	24.8211	24.5577	24.4797	24.0689	23.7674	23.4022	22.8311	21.9691	21.612	21.7067	21.9047	22.2398	21.9907	21.6051	21.3557	21.6937	22.4224	23.4248	23.655	23.8501	24.2985	24.6333	25.5789	26.7306	27.1306	26.9984	27.7686	28.1047	27.9307	28.0162	27.7009	26.7942	25.7403	24.6894	23.9399	23.4058	22.8372	22.3837	22.3559	21.9731	21.5395	21.6434	21.6771	21.5545	21.5896	21.6819	21.9479	22.6881	23.5871	24.771	25.4365	26.138	27.8066	28.9439	28.0626	27.6463	28.7193	29.2411	29.861	29.5918	29.2294	29.4985	29.2069	28.855	28.0165	27.0891	27.0118	26.7795	26.1205	25.83	25.5875	25.1248	24.5191	24.3274	23.2738	21.7404	20.4459	19.5562	18.4832	17.1237	15.9789	15.3321	15.0778	15.0357	15.2204	15.0004	14.8353	15.7962	16.6161	16.9045	17.0442	17.1891	17.0639	16.7216	16.4623	16.2269	17.0899	18.1004	18.6497	19.1655	20.0913	21.3489	22.2786	23.4027	24.8225	26.6964	27.6167	29.176	31.0701	32.5739	33.1623	33.8348	34.4599	35.1144	35.6486	35.7079	34.5531	33.225	33.7889	34.4631	33.7278	32.9828	32.7517	32.4342	32.6971	34.925	34.7806	32.9171	30.8433	27.608	25.8189	25.3844	25.2518	26.0975	27.7451	28.7506	30.9925	34.4792	32.9311	31.4761	29.1504	25.1928	22.1718	19.7949	17.4999	15.4399	13.4048	11.8307	10.3773	9.29098	8.20991	7.5474	7.06797	6.75958	6.56033	6.35562	6.16683	5.94987	5.62931	5.18671	4.69594	4.15254	3.74714	3.39787	3.13207	2.95541	2.82708	2.72992	2.64269	2.5864	2.54959	2.51805	2.48017	2.44118	2.41773	2.40639	2.38299	2.36593	2.34808	2.31716	2.2947	2.2763	2.25752	2.24083	2.22661	2.20972	2.18476	2.1622	2.14326	2.1368	2.13003	2.11887	Arabica
C19	11.4137	11.5791	11.3855	10.9811	10.1864	9.48313	8.9563	8.6447	8.53726	8.41868	8.42339	8.43892	8.36529	8.33815	8.4144	8.53166	8.56515	8.56623	8.53633	8.55851	8.53922	8.48588	8.35227	8.15888	8.01405	7.96641	8.03154	8.05749	7.92468	7.84835	7.79422	7.83722	8.06081	8.1732	8.23294	8.4289	8.69894	8.8776	9.16375	9.47781	9.79757	10.1344	10.4424	10.8116	11.0856	11.3944	11.6	11.6731	11.758	11.9538	12.484	13.442	14.3662	14.9276	15.6764	16.4328	17.1093	17.9852	18.932	19.4187	19.6154	20.258	20.4923	21.0374	21.7686	21.7957	22.3957	22.6823	22.9675	23.4282	23.9763	25.1627	25.5306	25.0366	24.2201	23.4475	23.1711	22.7766	21.9564	21.8574	22.4248	22.6648	21.9623	21.3633	21.3423	20.9435	20.9177	20.8143	20.7701	21.5681	21.6357	21.2722	21.1565	21.0344	20.5761	19.8858	19.3543	19.0144	19.0757	18.8302	18.2003	18.0076	18.0078	18.0357	18.219	18.146	17.8494	17.4766	17.6432	18.2528	18.7256	19.1069	19.3794	19.9024	20.216	20.3241	20.6958	20.8037	20.7235	21.087	21.5548	21.4213	21.1907	21.4542	21.5712	20.9091	20.1661	19.8416	19.6421	19.1456	18.7648	18.7231	18.3131	17.8754	17.6623	17.6811	17.7302	17.8394	17.8204	17.8099	18.3483	18.7231	19.1585	19.8921	20.6715	21.1598	21.6492	22.8922	22.7952	22.1765	22.9648	23.4555	23.1653	22.8958	23.4402	23.7711	23.7176	23.3264	22.5398	22.3402	22.025	21.7008	21.1394	20.7396	20.4179	20.2978	19.9843	19.2687	18.8522	18.1115	16.952	16.1312	15.038	14.1636	13.4805	12.9718	12.8579	12.7057	12.7216	12.8233	12.8613	13.4964	13.9776	14.0775	14.1976	14.3722	14.413	14.3752	14.1788	14.1957	14.8215	15.3407	16.1263	16.6537	17.626	18.753	18.5235	19.205	20.636	22.0896	22.6552	23.4529	24.8405	25.6927	25.9394	26.5737	27.154	27.9363	28.8202	29.0178	28.2294	26.8464	26.5554	25.7931	25.5405	27.18	27.5953	26.8759	26.0479	27.0994	27.6061	26.574	24.8047	23.2467	22.6634	21.9646	21.4567	21.8786	22.2435	23.3311	24.5109	25.182	26.1018	25.244	23.4168	21.4301	19.5704	17.6834	15.857	14.2531	12.5473	11.3525	10.1745	9.28495	8.46854	7.91673	7.64019	7.60889	7.68015	7.68652	7.70293	7.57847	7.19669	6.58162	5.7879	4.85962	4.11972	3.48589	3.01377	2.69914	2.48838	2.35101	2.24547	2.1603	2.09513	2.05801	2.01457	1.97717	1.95037	1.92199	1.89726	1.88281	1.86817	1.84288	1.81828	1.80264	1.78868	1.77211	1.75229	1.73768	1.7258	1.71308	1.70192	1.68933	1.67937	1.67366	Arabica
C20	11.7082	12.189	12.1151	11.4613	10.6248	9.84598	9.52857	9.18763	8.90136	8.8724	8.89743	8.9762	8.92228	8.70981	8.57548	8.61935	8.64204	8.56757	8.60588	8.77846	8.79082	8.7311	8.53193	8.33197	8.30979	8.38188	8.47334	8.47501	8.32662	8.0833	8.04719	8.1978	8.3736	8.43669	8.46872	8.61842	8.87522	9.16458	9.55733	10.1903	10.6842	10.9796	11.412	11.8147	12.1716	12.5742	12.8918	12.7583	12.6028	12.9108	13.5434	14.3579	14.73	15.2724	16.3309	16.8986	17.7427	19.1148	20.2157	20.2325	19.7894	20.3995	21.1183	21.7548	22.3325	21.9892	22.3775	23.289	23.4013	23.3835	24.0416	24.8247	24.6633	24.5275	24.4581	23.7861	23.4021	23.0739	22.264	22.5086	23.2487	23.6065	23.1563	22.4111	22.0482	21.6213	21.2275	21.5829	22.0437	22.0275	22.1972	22.4558	22.1437	21.3741	21.181	21.4713	21.2455	20.8881	20.5843	19.8469	19.3038	19.036	18.9767	18.9422	18.832	19.0043	19.0113	18.7809	18.8802	18.9138	19.3586	20.0091	20.3226	20.7887	20.9624	21.1812	21.5774	21.8138	22.5532	23.0349	23.0537	22.8706	22.8004	23.3523	23.2499	22.4838	21.719	21.5492	21.3118	20.7624	20.3769	19.9944	19.6046	19.4705	19.0711	18.6618	18.6193	19.0006	19.3784	19.1625	19.4589	20.0194	20.8721	21.7742	22.1224	22.6894	23.2921	23.8121	23.8031	23.7758	24.7798	25.3638	25.1834	25.1332	25.129	25.2872	25.4981	25.4672	24.7059	23.8406	23.4174	22.7951	22.2235	22.2529	22.1995	21.7945	21.1103	20.569	19.9365	19.3774	18.3084	17.4678	16.5243	15.3032	14.5204	13.9633	13.791	13.6051	13.6506	13.9492	13.9635	14.7648	15.5827	16.1057	16.5242	16.31	15.8166	15.6847	15.4987	15.3677	16.3048	16.8419	17.3377	18.0519	19.0626	19.9184	20.2671	21.0308	22.1248	23.6911	24.6507	25.9061	26.9125	27.1357	27.9722	29.304	29.9073	30.4989	30.402	30.6449	30.6588	29.2271	28.5868	28.4396	28.1197	28.7228	29.2354	29.3021	29.3888	29.3079	29.4474	28.3554	26.236	24.6276	23.3989	22.5151	21.9784	23.0341	24.2235	24.7787	26.1484	27.8883	27.8307	26.7235	25.0458	22.6849	20.6149	18.6728	16.4899	14.5043	12.8278	11.658	10.3894	9.36308	8.53591	8.0898	7.80541	7.72749	7.73224	7.77451	7.91877	7.75613	7.32464	6.7591	6.03287	5.09095	4.3294	3.68565	3.22327	2.90307	2.67028	2.53868	2.43893	2.36366	2.30854	2.25877	2.21635	2.1786	2.14692	2.12242	2.09254	2.07419	2.05554	2.02611	2.00383	1.99624	1.97893	1.95694	1.93441	1.91415	1.9011	1.88796	1.87105	1.85596	1.83883	1.8279	Arabica
C21	8.67718	8.91396	8.85629	8.52214	8.01745	7.43398	7.12107	6.96441	6.78394	6.70976	6.74169	6.77866	6.72646	6.6696	6.63113	6.56661	6.52443	6.50238	6.51205	6.55048	6.48875	6.37852	6.36008	6.33218	6.20168	6.1549	6.24099	6.3127	6.33965	6.30257	6.22943	6.25459	6.27564	6.30079	6.38883	6.4535	6.61906	6.88331	7.14982	7.42821	7.73419	8.06764	8.39391	8.81136	9.27922	9.50912	9.59914	9.63898	9.89814	10.1537	10.1144	10.3043	10.8173	11.3054	11.8383	12.7673	13.4757	14.2754	15.1199	14.9959	15.2297	15.7787	15.957	16.1281	16.8915	17.336	17.2918	17.6482	18.0831	18.2586	18.2325	18.5618	18.7373	18.7646	18.2039	17.4537	17.1815	17.0603	17.081	17.2378	17.5817	17.7743	17.4969	17.0276	16.6625	16.3684	16.1463	16.2633	16.5911	16.7054	16.6307	16.9728	17.153	16.6612	16.3693	16.1971	15.9721	15.8295	15.4402	14.9812	14.761	14.6061	14.4162	14.1393	14.0849	14.381	14.52	14.3607	14.2343	14.1731	14.4817	15.0802	15.5076	15.6718	15.9529	16.2347	16.4348	16.8866	17.2939	17.4251	17.3488	17.5984	17.7174	17.7715	17.7618	17.1618	16.5281	16.1572	15.861	15.6194	15.2753	14.7922	14.4791	14.3261	14.1087	13.9815	13.9336	14.0029	13.9796	14.0161	14.2375	14.5192	15.2269	16.0198	16.87	17.5926	18.0178	18.2845	18.1988	18.1334	18.8173	19.2434	19.479	19.8392	19.4969	19.0483	18.8333	18.841	18.2857	17.5381	17.3598	17.2049	16.7872	16.5733	16.51	16.308	15.9346	15.5626	15.0296	14.2937	13.2777	12.4846	11.6632	10.9113	10.3253	9.97555	9.90823	9.86251	9.87313	9.85039	9.75177	10.336	11.0459	11.3861	11.4753	11.5432	11.3989	11.1928	11.0185	10.9565	11.4434	11.9019	12.665	13.1237	13.6502	14.6229	15.132	15.9582	16.7809	17.7832	18.4035	19.3269	20.1278	20.7044	21.6289	22.3059	22.904	23.4486	23.479	23.9394	23.8279	22.5793	22.1908	22.1975	22.2248	23.1765	23.1065	22.8115	22.8552	22.6748	22.1684	20.8685	19.6382	18.2942	17.5208	17.2587	16.7129	16.9393	17.9167	18.6543	19.5209	20.8868	21.0572	19.9359	18.5434	16.4759	14.7387	13.2086	11.4943	10.1095	8.82234	7.86253	6.97015	6.28509	5.71818	5.32343	5.09423	5.04841	5.01235	4.9957	4.99493	4.88795	4.66025	4.29754	3.84108	3.29895	2.8604	2.48555	2.20883	2.02583	1.89049	1.80223	1.74016	1.69175	1.64997	1.6174	1.58526	1.55548	1.53834	1.52545	1.50889	1.49437	1.47762	1.45707	1.43987	1.43506	1.42156	1.40304	1.38903	1.37803	1.36438	1.35165	1.34117	1.32814	1.31782	1.31371	Arabica
C22	11.4761	11.6589	11.7296	11.5803	10.9017	10.1478	9.64222	9.4436	9.404	9.31889	9.2165	9.29797	9.26192	9.01328	8.77917	8.54675	8.43408	8.498	8.54747	8.4691	8.39795	8.36928	8.13862	7.97815	8.02757	8.23851	8.46861	8.57859	8.52873	8.42331	8.36291	8.30396	8.33951	8.33246	8.32865	8.48719	8.68427	8.90338	9.27873	9.70265	10.0529	10.552	11.3243	12.002	12.6596	13.2734	13.4695	13.7326	14.085	14.0837	14.1553	14.4181	15.0886	15.9245	16.782	17.6606	18.5526	19.9416	21.2485	21.565	21.3894	21.7849	22.71	23.6203	24.1809	24.7576	24.7723	24.4951	25.7493	26.3334	26.3713	27.0007	26.2205	25.6567	25.2396	24.6408	24.0502	23.9129	23.9164	23.8677	24.226	24.3985	24.0602	23.2199	22.8995	22.7536	22.3199	22.2369	22.2497	22.5958	23.2465	23.4613	22.7675	22.0096	21.6684	21.6003	21.7894	21.3403	20.6824	20.286	19.6891	19.3084	19.4215	19.4467	19.5817	19.584	19.2218	19.0647	19.0845	19.5204	20.0252	20.5711	21.4019	22.091	22.463	22.9372	23.5857	23.8964	24.4974	24.7538	24.9199	25.3187	25.5201	25.6876	24.851	23.8165	22.974	22.2288	21.941	21.5625	20.8484	20.3906	19.8547	19.3396	19.1885	19.1481	19.095	18.8285	18.998	19.4036	19.7096	20.4125	21.2831	22.3968	23.7892	24.7657	25.8519	26.3083	25.9757	26.2396	27.1667	28.2866	28.3823	27.6303	27.4785	27.3458	27.0622	26.7272	26.2664	25.6822	24.7503	24.1689	24.2662	23.7885	23.0142	22.6675	21.9747	21.4732	20.9444	19.6575	18.267	17.1648	15.9998	15.0217	14.1507	13.4661	13.3062	13.363	13.3597	13.2795	13.2381	14.0199	14.8553	15.1952	15.4206	15.5999	15.3081	15.0146	14.8097	15.018	15.9405	16.5511	17.4407	18.4463	19.3054	20.9445	21.8566	22.8349	24.3896	26.7998	27.8641	29.0443	31.3549	32.7019	34.5925	35.6799	35.5725	35.9367	35.8474	36.7347	36.3937	34.8151	33.3536	31.4521	30.7845	31.5894	31.8449	32.6689	33.9093	33.8124	31.7104	29.4981	27.3228	24.9365	23.0735	22.3862	22.3495	23.1267	25.3763	26.7482	26.8664	28.5985	29.4627	27.9928	25.1999	22.1015	19.5694	17.442	15.2632	13.242	11.4103	10.1455	8.86271	7.88645	7.13856	6.63132	6.21166	5.94735	5.81146	5.72485	5.64318	5.4839	5.18537	4.77258	4.3253	3.81283	3.38918	3.04559	2.79853	2.62955	2.50454	2.41864	2.35394	2.29855	2.25635	2.22617	2.18751	2.15378	2.13124	2.12223	2.10454	2.08171	2.06731	2.04671	2.02735	2.02113	2.00023	1.97872	1.96143	1.94552	1.92667	1.91041	1.90101	1.8892	1.87594	1.86293	Arabica
C23	11.3599	11.3497	11.1288	10.6613	10.1815	9.49852	8.9133	8.66743	8.54118	8.30095	8.17725	8.23815	8.30419	8.31393	8.28354	8.3037	8.30421	8.29327	8.34463	8.49168	8.54549	8.39499	8.1573	7.98978	7.9103	7.99919	8.0582	8.06256	7.97885	7.78515	7.70164	7.70823	7.8009	7.93174	8.01469	8.15224	8.36388	8.48075	8.77008	9.26725	9.63316	9.76944	10.0257	10.5075	10.8247	10.9329	11.0394	11.091	11.1208	11.5235	12.0345	12.3173	12.9316	13.8641	14.5717	15.4031	16.596	17.6912	18.6744	19.3784	19.5244	19.7648	20.0688	20.0065	20.3563	21.5734	22.1179	22.2758	22.7165	23.1503	24.0392	23.7122	23.742	24.1432	23.2525	22.8031	22.4489	21.4103	21.2264	21.9499	21.9012	21.5585	21.0853	20.5071	20.4468	20.0925	19.6352	20.0276	20.1377	20.1685	20.4432	20.0398	19.4553	19.0977	18.9875	18.809	18.4075	18.0677	17.7773	17.5948	17.4647	17.0443	16.891	17.0277	17.1279	17.2816	17.2469	17.0903	17.2739	17.7083	18.2544	18.7382	18.9399	19.2952	19.6972	19.8024	19.8889	20.3827	20.5902	20.4612	20.816	20.7577	20.4297	20.622	20.7814	20.5675	19.9434	19.2653	18.7095	18.5452	18.5209	18.2013	17.8732	17.888	18.0127	17.9219	17.7928	17.7048	17.7158	17.8093	18.3038	19.015	19.5921	20.4181	21.2205	21.8355	22.282	22.6664	22.6141	22.6953	23.4001	23.7318	24.0605	24.3199	24.1722	24.13	24.0714	23.4403	23.046	22.8318	22.2022	21.7109	21.4142	21.2116	20.8324	20.4969	20.2939	19.8837	18.8961	17.8189	16.9828	16.3537	15.2239	14.2923	13.692	13.2206	12.9689	12.9777	13.0706	13.0163	12.9705	13.3917	13.8295	14.1262	14.5886	14.9179	14.6239	14.2714	14.3116	14.7687	15.6246	16.1707	16.6706	17.2214	17.9669	18.766	19.7429	21.0838	21.8397	22.8042	23.936	25.0672	25.9963	27.0253	27.7361	28.6117	29.5593	29.5737	29.677	30.5003	30.1848	28.5396	27.2612	26.6672	26.4654	26.7679	26.68	27.7758	27.7936	27.1686	28.6017	28.2528	26.5528	24.7054	23.2655	22.4874	21.8528	21.8216	22.4841	23.4461	25.3327	26.9188	26.8992	26.1033	23.804	20.7362	18.718	17.0908	15.3627	13.965	12.3758	10.8832	9.57014	8.59183	7.64546	7.07293	6.7228	6.49831	6.36654	6.3068	6.25879	6.09441	5.74373	5.23007	4.66496	3.98309	3.44152	2.9957	2.68328	2.48337	2.32934	2.229	2.15621	2.0969	2.05009	2.01065	1.97344	1.93628	1.90239	1.89023	1.87593	1.86046	1.84666	1.81958	1.78804	1.77205	1.75877	1.74671	1.73298	1.71569	1.69844	1.68512	1.67638	1.66535	1.65303	1.64399	Arabica
C24	12.8581	13.1494	12.74	12.1823	11.246	10.2818	9.72115	9.43496	9.35695	9.21043	9.111	9.17684	9.22528	9.25443	9.32477	9.23926	9.2226	9.44904	9.53134	9.55243	9.4268	9.26438	9.1087	8.98223	8.9722	8.95876	8.98671	8.93599	8.79922	8.64494	8.53595	8.84605	9.01096	8.98603	9.25411	9.31512	9.43094	9.75459	10.1628	10.6228	11.0772	11.5163	11.9533	12.3306	12.7138	12.8984	12.9406	13.214	13.4048	13.633	14.1321	15.1021	16.1195	17.0621	18.4906	19.7514	20.5589	21.3071	21.8479	22.6824	23.1234	23.25	24.4583	25.4158	25.5263	25.4759	25.6672	26.6951	27.4346	27.9698	29.0042	28.8508	27.95	28.2284	29.1258	28.0315	26.4381	25.8141	25.7317	25.9472	25.9941	25.9167	25.4756	24.9996	24.6058	24.1429	23.9219	24.3964	24.7231	24.9275	25.4348	24.8309	23.7957	23.3897	23.6042	23.455	22.7134	22.1192	22.0079	21.7466	21.027	20.8183	20.8459	20.8446	20.8484	20.7883	20.6675	20.592	20.8816	21.3791	21.7021	22.4018	23.2573	23.4467	23.5713	23.5747	23.8203	24.3514	24.9388	25.3642	24.9807	25.1082	25.6413	25.2724	24.7348	24.4902	23.8586	23.261	23.1601	22.7085	22.109	21.7167	21.7239	21.4409	20.6811	20.3291	20.239	20.4308	20.5213	20.6689	21.1394	21.5414	22.3825	23.5387	24.6262	25.6619	26.2642	26.4535	26.1858	26.5359	27.1729	26.9482	27.268	27.2785	26.9184	27.4035	27.8714	27.0012	26.1159	25.65	24.8044	24.5386	24.1813	23.8979	23.7394	23.3246	22.5296	22.035	21.4093	20.4368	19.0341	17.9781	16.922	15.7139	14.8215	14.2998	14.1021	14.0978	14.3146	14.2634	14.2127	14.8116	15.5974	16.2674	16.5479	16.4418	16.1065	15.9739	15.7885	15.8372	17.0836	17.6481	18.1127	18.7563	20.3242	21.591	21.8606	22.9767	23.9521	25.5176	26.8607	28.4964	30.1115	31.3195	31.6914	31.4906	32.5198	33.9488	34.8778	34.4088	32.8329	31.5459	30.6668	30.6062	30.1823	30.848	31.4648	30.8934	30.6417	31.1677	30.3581	28.9312	28.7446	27.6296	25.3571	24.097	23.592	24.1668	25.0491	26.4218	28.4265	30.0058	29.6526	28.3744	26.1609	23.5427	22.2158	20.4639	18.1635	15.966	14.3085	13.0707	11.4867	10.3521	9.4751	8.94812	8.69138	8.57347	8.57485	8.63328	8.59038	8.43103	8.04992	7.36997	6.52195	5.45515	4.61706	3.90144	3.3807	3.03516	2.79126	2.63362	2.51371	2.42748	2.36411	2.31432	2.26076	2.22215	2.19162	2.16718	2.14724	2.13014	2.10942	2.08425	2.06057	2.04431	2.02551	2.01001	1.9911	1.96987	1.95678	1.9443	1.93096	1.9193	1.90546	1.89064	Arabica
C25	12.5458	12.7862	12.7248	12.2007	11.4214	10.5843	9.88152	9.55294	9.31596	9.16572	9.23506	9.22362	9.2336	9.20046	9.03265	9.03864	9.09488	9.18188	9.22539	9.29798	9.34389	9.19454	9.04765	8.90518	8.71719	8.60612	8.73605	8.81258	8.73505	8.59538	8.45552	8.64385	8.90292	8.9419	8.95894	9.0751	9.27909	9.51142	9.89334	10.2842	10.5369	10.9308	11.4337	11.9531	12.6373	12.7892	12.518	12.7048	13.0377	13.2073	13.6194	14.6623	15.7354	16.6061	17.5497	18.432	19.9753	20.8343	21.4124	22.2735	23.091	23.6846	23.7125	24.3045	24.9494	25.5755	25.329	24.9254	25.8987	26.5294	26.5967	27.0764	27.0411	27.3608	27.347	26.7087	26.0705	25.3049	24.9349	25.2067	25.2511	25.0911	25.1568	24.4901	24.0407	23.6801	23.0079	23.177	23.8541	24.5442	24.2775	23.6297	23.3338	22.784	22.6508	22.2696	22.1424	22.0445	21.3821	21.2024	20.6088	20.0445	19.9913	20.3463	20.5189	20.2135	20.0076	19.7592	20.1026	20.5792	20.7994	21.2199	21.657	22.2629	22.7529	23.189	23.1165	22.9822	23.5545	23.9099	24.4295	24.4608	23.9361	24.14	24.3206	23.8072	23.0478	22.3132	22.006	21.9888	21.4046	20.9251	20.5295	20.1817	20.2265	19.888	19.7653	19.9263	20.111	20.4727	20.75	21.2768	22.1162	22.9117	24.3045	26.1977	27.217	26.9511	26.9023	27.19	27.579	27.4632	27.0808	28.0535	28.3928	28.0008	27.9243	27.484	26.6458	25.5273	25.0513	24.7465	23.7223	23.4258	23.3935	23.3429	22.9711	21.9962	21.2161	20.5541	19.382	18.3922	17.2171	16.2068	15.3365	14.64	14.6605	14.6833	14.5652	14.4642	14.35	15.2127	16.0304	16.2316	16.3555	16.3153	15.9889	15.9751	16.1015	15.908	16.5972	17.919	18.9635	19.735	20.7364	21.7964	22.4613	23.645	24.7098	26.5987	27.6367	28.4868	30.1257	31.4393	32.6314	33.4255	34.0252	35.0263	35.2917	35.6643	35.6011	34.2907	32.9838	31.5688	31.7953	32.2513	32.1345	32.4495	32.8683	33.9343	33.3691	31.6018	29.8619	27.7613	25.8094	25.3435	25.2863	24.7783	25.5103	27.0892	27.8399	29.5011	30.266	28.7164	26.5107	24.1601	21.5338	19.2121	17.0669	15.1356	13.3091	11.9241	10.6326	9.69515	8.93856	8.51757	8.27111	8.25192	8.38704	8.56161	8.68452	8.583	8.19044	7.48471	6.58253	5.43434	4.55512	3.81375	3.27401	2.91897	2.6746	2.52012	2.40768	2.32514	2.25448	2.2097	2.16234	2.11605	2.08434	2.06097	2.03253	2.01066	1.99129	1.96182	1.93258	1.91837	1.90606	1.88909	1.86872	1.84888	1.82985	1.80736	1.79071	1.78254	1.7697	1.75972	Arabica
C26	12.2324	12.417	12.4308	11.8426	10.9538	10.2299	9.59829	9.10503	8.98087	8.89434	8.87434	9.09894	9.07163	8.98577	8.99819	8.936	8.80998	8.74331	8.86627	8.98406	8.9769	8.89222	8.73866	8.53452	8.40996	8.45896	8.55843	8.52569	8.39194	8.27335	8.21494	8.19371	8.21463	8.3281	8.50571	8.71528	8.87183	9.16778	9.57838	9.9154	10.3084	10.69	11.1174	11.713	12.3501	12.6612	12.7034	12.7613	12.9094	13.3679	13.6844	14.1532	15.1555	16.0279	16.8752	17.9395	19.4647	21.3723	22.2146	22.8179	23.4299	23.6755	23.6687	23.5943	24.1797	24.9564	26.0042	26.7032	26.5596	26.7993	27.9379	28.1501	27.5603	27.1305	27.0014	26.3693	25.6938	25.2351	24.6396	24.8301	26.0852	26.163	25.1221	24.519	23.7287	23.1599	22.7833	22.9996	23.5487	23.7487	24.1059	24.6696	23.9064	22.8033	22.2074	21.9839	21.8622	21.3488	21.1269	20.4184	19.8409	19.8559	19.6994	19.5091	19.7047	19.697	19.5415	19.449	19.6737	20.2481	20.5301	21.4087	21.8731	22.1186	22.4115	22.536	23.346	23.6472	24.2331	24.562	24.1532	24.1697	24.4573	24.6127	24.4381	23.7477	22.8861	22.3438	21.7832	21.427	21.3709	21.138	20.4082	19.8436	19.5005	19.4596	19.6786	19.5113	19.4305	19.5858	19.7837	20.516	21.7321	22.997	23.8947	24.7949	25.6172	26.0076	26.0624	25.9512	26.5235	27.2552	27.8937	27.2635	26.7468	26.8303	26.9529	26.7292	26.2072	25.6816	24.3624	23.4926	23.2628	22.6496	22.5577	22.473	21.6812	21.0414	20.1126	19.3281	18.0087	16.9098	15.7683	14.7926	14.2601	13.7813	13.4761	13.3832	13.402	13.4628	13.5437	14.1692	15.0208	15.4251	15.5897	15.9345	15.7344	15.3622	15.0731	15.0256	15.798	16.6459	17.6191	18.5833	19.4393	20.6021	21.6777	23.0252	24.1263	25.7999	27.383	28.5045	29.2593	30.2519	31.8484	33.2351	33.6763	35.1635	35.137	34.2608	34.3256	32.527	31.2462	31.2312	31.4246	31.4733	31.3085	32.6001	33.0904	33.1089	33.0968	31.1475	28.6842	26.8683	25.1742	23.7968	23.5356	24.3855	25.7635	26.9476	27.8513	29.7554	30.1783	28.3253	25.795	22.4825	20.0613	18.2428	16.1682	14.2394	12.3622	11.0925	9.76413	8.79502	8.02059	7.50068	7.21812	7.06358	6.95312	6.9198	6.93433	6.82377	6.4478	5.84548	5.2106	4.4503	3.82722	3.30438	2.91912	2.65412	2.46496	2.34021	2.24305	2.18524	2.13932	2.09495	2.05437	2.01484	1.98375	1.96942	1.94832	1.92977	1.91368	1.88894	1.86505	1.85305	1.83945	1.82176	1.80732	1.79546	1.78478	1.76115	1.74429	1.73789	1.72465	1.71363	Arabica
C27	8.91986	9.06915	8.96262	8.70464	8.12253	7.48318	7.09334	6.92006	6.79579	6.71423	6.65961	6.63537	6.61921	6.49198	6.35826	6.26791	6.22055	6.26567	6.311	6.31609	6.30369	6.23392	6.1562	6.07258	5.99988	5.99704	6.06782	6.0662	5.97298	5.82966	5.73736	5.80261	5.84776	5.87052	5.93144	6.04826	6.18293	6.39672	6.7039	6.97464	7.24995	7.50113	7.87249	8.36138	8.71332	8.82203	8.82477	8.79422	8.83992	9.10948	9.5235	9.9029	10.3125	10.8439	11.5795	12.4361	13.3126	14.2772	15.0533	15.4457	15.828	15.9636	16.0035	16.4244	16.7574	17.5934	18.1077	17.9803	18.2566	18.6809	18.9523	19.2996	19.3083	18.8514	18.1917	18.1337	18.0718	17.1672	16.8702	17.3122	17.5764	17.2906	16.9214	16.3298	15.9609	15.8344	15.6896	15.7904	16.0512	16.1053	16.3215	16.3596	16.1326	15.9088	15.4822	15.3201	15.206	15.0733	14.754	14.2687	13.9366	13.7436	13.5949	13.6354	13.6401	13.5735	13.5253	13.3324	13.3639	13.7148	14.1679	14.641	15.1063	15.4013	15.5264	15.6889	15.9472	16.4397	16.8087	16.8736	16.8703	16.936	17.0054	16.9893	16.8547	16.464	15.9576	15.2685	15.0193	14.8698	14.2579	13.9831	13.8416	13.6525	13.4076	13.3296	13.4696	13.389	13.3464	13.5111	13.8047	14.2668	14.8152	15.5245	16.4633	17.3442	18.1313	18.4971	18.1498	17.8218	18.3482	18.6413	18.6632	18.8831	18.6973	18.6453	18.8209	18.2844	17.5766	17.3871	17.1196	16.6236	16.1932	15.974	15.6247	15.5218	15.1567	14.5394	14.095	13.5863	12.6521	11.917	11.1047	10.3545	9.81308	9.43991	9.31405	9.27603	9.26014	9.22807	9.24169	9.81278	10.3606	10.6308	10.6991	10.5761	10.6094	10.4792	10.1318	10.0475	10.7161	11.3068	11.9795	12.5177	12.8772	13.724	14.1002	15.0412	16.0927	17.2782	18.5367	19.7683	20.6397	20.9609	21.9191	23.0327	23.9645	24.4004	24.21	24.4167	23.9442	22.9423	22.2348	21.7822	21.6408	21.8355	22.1256	22.3411	21.856	22.3419	22.3902	21.1918	19.4116	17.8979	17.2956	16.5916	15.9113	16.3031	17.3405	18.0396	18.8859	19.6153	19.4434	18.8054	17.2179	14.7802	13.2026	11.914	10.5353	9.37654	8.20959	7.34389	6.48131	5.83693	5.2703	4.93615	4.71416	4.61032	4.61127	4.60563	4.59422	4.49993	4.2862	3.93769	3.50515	2.97866	2.5465	2.19052	1.93002	1.74697	1.61916	1.53521	1.46851	1.42465	1.38801	1.35842	1.33041	1.30208	1.28015	1.26555	1.25205	1.23904	1.2262	1.20923	1.18889	1.17711	1.16516	1.1529	1.13968	1.12473	1.114	1.10554	1.09529	1.08426	1.07469	1.07022	Arabica
C28	8.58626	8.74	8.61045	8.14106	7.501	6.93614	6.63021	6.40503	6.30423	6.28121	6.19347	6.15844	6.12192	6.01161	5.97502	6.02319	6.05147	6.08147	6.18901	6.25114	6.21402	6.13673	6.04962	5.9497	5.86454	5.87878	5.95872	5.94694	5.81399	5.64671	5.5765	5.7017	5.80487	5.76318	5.82771	5.97596	6.12654	6.29421	6.57959	6.9614	7.19655	7.33757	7.58054	7.90854	8.20392	8.31585	8.27041	8.35041	8.59403	8.99964	9.473	9.88451	10.3436	11.0511	12.1244	13.146	14.1541	15.2199	15.7674	16.4545	17.0859	17.2085	17.2634	17.4313	18.1968	18.8103	18.8684	19.026	19.8829	20.528	20.499	20.504	20.5383	20.5736	20.2731	19.9136	18.9817	18.0961	18.0592	18.0903	18.3894	18.5088	17.7385	17.3657	16.831	15.9655	16.06	16.3884	16.1369	16.2271	16.255	15.9854	15.6522	15.1539	14.8736	14.9048	14.4747	14.0656	13.8861	13.5287	13.2749	13.1292	13.1115	13.2962	13.5351	13.3995	13.397	13.5651	13.4475	13.5802	14.0834	14.4443	14.6976	14.9786	15.3225	15.5672	15.657	15.9429	16.2804	16.3209	16.2772	16.4248	16.4565	16.3445	16.2526	16.0563	15.5378	15.1119	14.9757	14.7155	14.3651	14.0679	13.9912	13.8951	13.7765	13.6894	13.5702	13.7369	13.86	14.0972	14.4585	14.6836	15.2141	16.3095	17.4504	17.9372	18.705	19.3651	19.049	18.6627	19.2347	20.044	20.1794	19.827	19.5547	19.4578	19.5488	19.5303	19.0282	18.3548	17.7519	17.2635	16.8877	16.4067	16.1136	16.0014	15.6752	15.411	14.6251	13.7536	12.9458	12.1604	11.2577	10.5954	10.0226	9.55972	9.4429	9.47962	9.55027	9.52213	9.46274	9.84277	10.1835	10.3671	10.508	10.6211	10.5909	10.5112	10.5627	10.648	11.1837	11.7905	12.5754	13.2226	13.9356	14.8673	15.4402	16.5634	17.4441	18.8449	19.891	20.8836	21.8843	22.9359	24.2106	25.0302	25.668	26.2969	26.6901	26.5795	25.8145	24.8196	24.2169	23.1657	22.5595	23.1918	23.2825	22.6863	22.4367	22.5474	22.5589	21.7016	19.8296	18.1735	17.3156	16.5816	16.0619	16.5656	17.118	17.7089	18.5182	19.5627	19.9164	18.7218	16.9085	14.8532	13.1485	11.8514	10.679	9.65884	8.41431	7.43844	6.51884	5.77346	5.1266	4.72299	4.45341	4.30422	4.2514	4.21822	4.1799	4.07154	3.84085	3.48748	3.07506	2.60336	2.22825	1.91829	1.69524	1.54505	1.44128	1.37261	1.3178	1.27393	1.24011	1.21611	1.18891	1.16398	1.14378	1.12856	1.11465	1.10357	1.09219	1.07522	1.05899	1.05045	1.04083	1.02986	1.01628	1.00214	0.991775	0.984019	0.977281	0.969473	0.96154	0.955826	Arabica
C29	11.6024	11.7775	12.0682	11.7824	11.0057	10.4206	9.94917	9.70473	9.59629	9.54666	9.54465	9.49905	9.54831	9.40324	9.10761	8.88886	8.7505	8.87834	8.9645	8.94237	8.94409	8.88767	8.67443	8.51001	8.63937	8.77561	8.87677	8.93611	8.75778	8.65408	8.67118	8.62051	8.53139	8.56732	8.67363	8.79909	9.01779	9.36657	9.71557	10.1908	10.6417	10.9999	11.6041	12.2637	12.8189	13.0412	13.0859	13.2706	13.1917	13.1682	13.559	14.0844	14.6166	15.035	15.8761	16.6796	17.7035	18.8359	19.3349	19.809	19.9018	20.1235	20.7509	21.2583	21.3205	21.9105	22.9802	23.0462	23.5173	24.8312	25.2862	24.2894	23.7075	23.9909	23.722	23.4441	23.1303	22.5991	22.4844	22.5934	22.9349	23.2392	23.0404	22.2438	21.6205	21.3464	21.3305	21.6107	21.7864	21.8958	22.2281	22.4012	22.1532	22.1259	21.9959	21.9233	21.6181	21.2478	20.9751	20.4273	19.8075	19.3142	19.312	19.5049	19.5367	19.5636	19.2329	18.8457	19.0114	19.3437	19.7887	20.3375	20.7255	21.1214	21.6246	21.986	22.678	23.3513	23.7175	24.0574	24.1405	24.2983	24.1721	24.1036	23.7979	23.4197	22.7789	22.1062	21.6503	20.9089	20.4842	20.409	19.9827	19.4663	19.294	18.9945	18.7194	18.7597	18.9018	19.2735	19.4286	19.854	20.879	21.7515	22.8623	23.82	24.7523	24.9917	24.5914	24.7714	25.8924	26.1113	25.6742	25.5613	25.8059	25.6033	25.192	24.9379	24.5743	24.0221	23.0382	22.9158	22.8342	22.495	22.3836	21.9647	21.4421	20.9495	20.1629	19.2048	17.9898	16.964	15.8714	15.1426	14.4262	13.8286	13.6842	13.5096	13.4936	13.6258	13.7754	14.7312	15.2935	15.7791	15.9599	15.9677	15.782	15.2516	14.958	14.5969	15.0399	16.0414	16.8437	17.4105	18.0967	19.1293	19.5763	20.5828	21.7909	23.4243	24.9911	26.3831	27.3575	27.6078	28.7433	29.9136	30.3864	30.8483	31.094	31.1138	31.442	31.1362	29.9372	29.3163	29.4987	30.0831	29.6533	29.8759	30.4523	29.8971	28.6648	26.964	25.5617	24.5066	22.9977	21.8847	21.6917	22.3739	23.6508	24.8918	26.3104	27.2228	27.4249	26.5448	24.0173	20.4849	18.3436	16.6799	14.7709	13.2152	11.5847	10.3356	9.10945	8.17765	7.41791	6.88232	6.47704	6.25259	6.14228	6.08413	6.04822	5.87698	5.57999	5.14183	4.65425	4.10241	3.64223	3.25328	2.96295	2.76828	2.62425	2.52597	2.45048	2.38749	2.33938	2.31232	2.27709	2.23551	2.20671	2.19609	2.17941	2.1598	2.14066	2.11424	2.08552	2.06957	2.05477	2.04018	2.02252	1.99922	1.97804	1.95374	1.94181	1.93855	1.92381	1.9125	Arabica
C30	12.8479	13.1984	13.0744	12.6226	12.0088	11.043	10.3477	10.0091	9.81784	9.74781	9.71518	9.70652	9.7342	9.58698	9.27396	8.97647	8.87834	8.88022	8.78499	8.79644	8.8753	8.79115	8.47923	8.14671	7.85596	7.76005	7.96622	8.06699	7.93166	7.80368	7.78569	7.91877	8.06741	8.03813	8.09572	8.33723	8.52256	8.82034	9.28203	9.91227	10.5379	10.907	11.5313	12.4202	12.951	13.0161	12.9668	12.8379	12.9018	13.1572	13.2979	13.7769	14.1868	15.0287	16.4273	17.3811	18.3653	19.4682	20.3058	20.8775	21.4813	21.363	21.6968	22.8878	23.0227	23.1133	23.5042	23.6378	23.7216	23.4145	23.6817	24.4963	24.801	24.4575	24.3108	23.7536	22.942	22.5735	22.1461	22.8217	23.1951	23.3192	23.7178	22.9719	22.2459	22.0648	21.7932	21.8405	22.35	22.6604	23.1797	23.4602	23.3539	22.9873	22.6514	22.3895	22.0687	21.6481	21.4928	21.0364	20.0384	19.3604	19.2007	19.1493	18.9693	18.9654	19.2061	19.121	18.8501	19.308	20.2096	21.0018	21.4963	21.6524	21.9787	22.8472	23.2183	23.4595	24.0337	24.3492	24.5233	24.7673	25.0608	25.0516	24.9292	24.2014	23.2243	22.5413	21.7261	21.2189	20.9116	20.4214	20.436	20.2957	19.9522	19.4293	19.2404	19.319	18.8779	19.0605	19.4714	19.7208	20.3885	21.3859	22.6387	23.7244	24.2841	24.7034	24.4275	24.2739	25.0378	25.5939	25.683	25.5288	25.6855	26.1693	25.6686	24.8964	24.392	23.7562	23.2897	22.7315	22.0276	22.1859	22.3296	22.0648	22.0094	21.6859	20.8659	19.8366	18.747	17.7068	16.5407	15.5673	14.9125	14.4054	14.2162	14.1955	14.3751	14.4752	14.346	15.1058	16.1594	16.5737	16.6467	16.9244	16.6447	16.3874	16.2591	16.1678	16.7442	17.4656	18.6322	19.9554	19.9428	19.9196	20.8244	22.0085	22.7633	24.1732	25.3684	26.35	26.9723	27.571	28.9159	29.8527	29.9623	29.5869	29.2508	28.8869	29.0778	29.2962	28.5103	27.9396	28.7271	28.8344	29.0418	31.2401	30.7635	31.1476	32.5382	32.4724	31.2775	28.637	26.4677	25.2506	25.2094	25.5783	26.8773	27.9613	28.4018	30.1155	30.8116	30.5212	28.2024	23.3718	19.831	17.8821	15.7429	13.7742	11.9403	10.5712	9.19621	8.12131	7.28085	6.84424	6.61145	6.51317	6.50982	6.58278	6.64587	6.55148	6.25944	5.7353	5.10866	4.32907	3.68271	3.13879	2.75511	2.50298	2.32398	2.20999	2.1246	2.06189	2.00656	1.95638	1.91494	1.8897	1.86038	1.83015	1.81614	1.80354	1.78111	1.75693	1.73536	1.72083	1.70254	1.6786	1.65594	1.63819	1.61991	1.60154	1.58793	1.57337	1.56084	1.55472	Robusta
C31	11.9658	12.2293	12.0264	11.8136	11.3925	10.5389	9.85206	9.37579	9.09917	9.15552	9.19225	9.31239	9.30498	9.02092	8.73182	8.43112	8.26253	8.23505	8.17508	8.12114	8.11526	7.98668	7.74302	7.53374	7.30797	7.22401	7.33956	7.4671	7.38525	7.18763	7.18004	7.32939	7.40393	7.34842	7.37358	7.51079	7.70583	8.05314	8.5509	8.99269	9.47747	10.0939	10.7718	11.4594	12.0478	12.3459	12.1895	11.8417	11.7666	11.9503	12.107	12.5491	13.2045	13.7693	14.5922	15.9592	17.2991	17.9123	18.6527	19.783	19.8423	19.7161	19.8992	19.9431	20.6711	21.3717	21.7632	21.8976	21.6081	22.4057	23.3683	23.1927	22.8132	22.5493	22.1749	21.6849	20.8772	20.168	20.5918	21.3872	21.8758	21.9401	21.909	21.737	20.9981	20.604	20.4069	20.5088	21.4544	22.1812	21.9078	21.8761	22.1422	21.5116	20.9841	21.0866	20.8888	20.4602	20.1583	19.4722	18.6751	17.9579	17.6766	17.878	17.9205	17.8207	17.5363	17.3574	17.5515	18.0354	19.0177	20.0376	20.4069	20.6163	21.21	21.8304	22.3852	22.8788	22.8243	23.1314	23.7753	23.8518	24.0208	24.2848	23.805	23.193	22.2575	21.2195	20.9151	20.466	19.7901	19.321	18.7149	18.2927	18.2112	18.107	17.9508	17.7882	17.3948	17.4858	18.0484	18.5494	19.5987	21.0042	22.0108	22.4922	22.9531	23.4672	22.9152	22.5761	23.5174	23.9403	23.848	24.0284	24.2731	24.3418	23.9027	23.3558	22.716	21.7206	21.2315	21.4008	21.2797	20.8802	20.7611	21.0401	21.0636	20.7804	19.975	18.4993	17.4511	16.7233	15.5145	14.3986	13.6068	13.1854	13.1513	13.3114	13.3976	13.2806	13.2975	14.1543	15.0189	15.5988	16.1155	15.996	15.39	15.2522	15.0195	14.7205	15.5638	16.5757	17.3078	17.8838	18.7195	19.4282	19.8839	20.4083	21.2173	22.4419	23.3477	24.4871	25.6844	27.1411	28.1549	28.8627	29.192	29.2052	29.2731	29.113	28.8998	28.3544	27.4914	27.101	27.1899	28.7948	29.8239	30.2781	31.1766	32.7917	32.9699	31.5129	29.8771	27.9856	25.8943	25.2458	25.2308	25.7114	26.9283	28.1073	28.6585	30.0595	31.4642	29.8514	26.6174	22.2622	18.315	15.5772	13.6604	12.0412	10.2145	8.97953	7.8258	7.01846	6.34641	5.92521	5.69917	5.66751	5.74558	5.85776	5.93492	5.86066	5.67144	5.25964	4.69219	4.00044	3.41112	2.9076	2.54805	2.30586	2.14128	2.03541	1.94916	1.88874	1.83981	1.79943	1.76134	1.72731	1.70265	1.68186	1.66014	1.64307	1.62344	1.60079	1.57884	1.55837	1.537	1.51878	1.50045	1.48	1.45624	1.44067	1.42632	1.41046	1.39902	1.3895	Robusta
C32	11.5622	11.7268	11.3374	10.762	10.3094	9.66867	9.12664	8.95676	8.75481	8.64535	8.57454	8.56055	8.60159	8.52031	8.43529	8.28931	8.23934	8.28731	8.31395	8.30847	8.22148	8.05544	7.85319	7.68861	7.55652	7.45708	7.51435	7.66074	7.57009	7.40182	7.45476	7.6188	7.67537	7.68542	7.70517	7.79433	7.94038	8.13702	8.50492	8.83433	9.19849	9.67651	10.0945	10.6228	10.9945	11.0461	10.9946	10.8511	10.8555	11.0741	11.3521	11.6744	12.1443	12.7305	13.6694	14.7196	15.4271	16.5556	17.6908	17.9889	18.241	18.3186	18.5947	18.892	18.6919	19.0425	19.3828	20.1842	21.0729	21.1278	21.7056	21.8638	22.031	22.1904	21.6703	20.6191	19.9391	19.8921	19.8724	19.9071	19.8475	20.2753	20.2485	19.7781	19.1798	18.8668	18.6738	18.3191	18.6743	19.2349	19.6538	19.4527	18.9935	18.5657	18.1516	18.0032	17.7751	17.5946	17.4211	17.0977	16.5236	15.9673	15.8983	15.9702	15.9337	15.7743	15.5713	15.583	15.6961	16.1416	16.9879	17.8182	18.2254	18.2728	18.3286	18.4034	18.7011	19.0895	19.4302	19.7348	19.727	19.7436	19.9786	20.0573	20.0407	20.0345	19.3766	18.2011	17.5649	17.3579	16.9142	16.4833	16.0955	15.852	16.0189	16.0411	15.6404	15.4212	15.3809	15.245	15.5809	16.1188	16.7078	17.6104	18.3866	19.0009	19.4642	19.8286	19.8329	19.9003	20.2528	20.4944	20.8172	20.4295	20.1514	20.4919	20.6224	20.3226	19.6888	18.7798	18.0878	17.9525	18.0528	18.0323	17.6292	17.0924	16.9136	17.0597	16.4087	15.8491	15.0221	14.0407	13.3516	12.6172	11.9897	11.5854	11.6422	11.639	11.5938	11.7184	11.5731	11.9249	12.6014	12.9964	13.2872	13.5032	13.1335	12.7065	12.2892	12.0963	12.8865	13.6609	14.5018	14.9869	15.4637	16.0698	16.3406	16.9048	17.4689	18.7313	19.9649	20.7699	21.7522	22.8638	23.6371	24.6563	25.18	24.9477	24.9403	24.6064	23.696	23.0582	22.2152	21.8807	22.5255	23.5717	23.6557	24.1108	24.441	26.4809	27.5995	26.2586	24.654	22.8734	21.675	20.4973	19.6419	20.5136	21.6164	21.9469	22.6919	25.6048	27.0384	24.9684	22.1082	19.2464	16.8008	14.8576	13.1899	11.8	10.3797	9.30154	8.17934	7.38204	6.73834	6.32865	6.04447	6.02581	6.12321	6.19178	6.27655	6.20079	5.98008	5.55024	4.94402	4.16091	3.53108	2.99555	2.60572	2.34936	2.15774	2.02795	1.94797	1.88966	1.82672	1.78112	1.74143	1.70479	1.67444	1.65332	1.63201	1.61138	1.59288	1.56829	1.54341	1.52806	1.50964	1.48966	1.47254	1.45162	1.43095	1.41222	1.39573	1.38478	1.37231	1.36376	Robusta
C33	14.7206	14.8498	14.8222	14.3157	13.3892	12.6907	12.1068	11.459	11.1798	11.3413	11.5294	11.7064	11.7092	11.3911	10.8925	10.524	10.2161	10.1241	10.2341	10.1364	9.91409	9.90461	9.8042	9.47307	9.24509	9.39099	9.84494	10.0666	9.9552	9.70996	9.54457	9.69283	9.85494	9.83551	10.0035	10.2159	10.449	10.8468	11.3657	12.1362	13.0951	13.8215	14.6628	15.7255	16.7026	17.0352	16.8226	16.938	16.8006	16.489	16.717	17.2405	17.5542	17.9963	19.0183	20.6855	22.1332	22.9867	23.1633	22.9665	23.2293	24.2971	25.2686	24.9937	25.1562	25.6272	26.181	26.6097	27.2682	28.0322	27.8678	27.5837	27.8215	27.5013	26.6511	26.2626	26.0522	25.9983	25.7052	26.2245	27.0451	27.6143	27.5475	27.0137	26.5165	25.8888	25.7176	26.3259	27.1402	27.6525	28.0221	28.5665	28.676	27.612	27.5831	28.176	28.1782	28.1653	27.0486	25.7421	25.1225	24.5944	24.293	23.7868	23.6702	23.7716	23.5717	23.4788	23.9374	24.7458	25.1762	25.93	27.062	27.1072	27.0983	28.0565	28.711	29.6025	29.8112	30.0554	30.6229	30.6052	30.8907	31.0727	31.3456	31.1034	30.2029	28.459	27.25	26.835	26.3707	26.4536	25.7906	24.557	24.4957	24.8891	24.3315	23.7724	23.5283	23.7537	24.4038	24.7041	25.5919	26.745	27.7272	28.8279	29.3026	29.204	28.5258	28.4417	30.0473	30.7301	30.5352	30.0043	30.4127	30.9119	30.9038	30.6	29.0572	28.4843	28.2573	28.2521	27.4069	26.8689	27.263	27.118	27.1349	27.4146	26.0545	24.483	23.5918	22.5108	20.9336	19.6743	18.8208	18.2243	18.3787	18.82	18.9949	19.0525	19.0882	20.2973	21.3453	22.184	22.6626	22.4505	21.8838	20.9342	20.1779	19.8227	20.7664	21.9082	22.9583	23.4246	23.8638	24.527	24.9385	26.1783	27.401	28.7497	29.4551	30.4533	31.6275	32.722	33.8046	34.7925	35.1916	35.0216	35.2756	35.3537	35.4578	34.9797	34.5449	35.2367	35.252	34.9892	36.6928	38.5086	38.3392	39.3257	39.2697	39.5419	37.4712	33.8188	32.8324	32.5543	31.299	31.2962	32.7116	34.557	37.2454	38.5655	39.5464	39.1227	36.552	30.3999	25.9231	22.5273	19.0652	16.4161	13.8626	12.0705	10.482	9.32364	8.33633	7.6843	7.24823	7.06707	6.94003	6.89348	6.92938	6.81513	6.57869	6.16016	5.58956	4.92115	4.37558	3.90045	3.55018	3.30982	3.12715	3.01256	2.92457	2.85098	2.80244	2.75505	2.70455	2.66814	2.63385	2.61592	2.59922	2.57306	2.54854	2.51971	2.48972	2.46622	2.43634	2.41667	2.38248	2.34271	2.31758	2.28943	2.26192	2.24186	2.22373	2.20875	Robusta
C34	14.1081	14.4763	14.5168	14.0746	13.2179	12.4669	11.7248	11.0707	10.7069	10.565	10.7494	10.9499	10.987	10.9443	10.477	9.94207	9.8431	9.76257	9.58378	9.59876	9.61468	9.40734	9.12632	8.86866	8.67899	8.69679	8.80431	8.92186	8.9578	8.79167	8.72027	8.77801	8.80623	8.90094	9.09117	9.19885	9.23453	9.59105	10.1748	10.6378	11.0634	11.7115	12.8898	13.9862	14.5571	14.8191	14.7769	14.9657	14.9622	14.7767	14.9692	15.4134	15.887	16.7584	17.7249	18.8239	20.1652	21.7046	23.4601	23.837	23.7768	23.8942	24.1296	24.9421	25.7478	26.1937	26.3766	27.0264	26.7933	27.2041	28.4263	28.2072	28.0678	27.4803	26.7148	25.3977	24.8229	24.8868	24.8669	25.7625	26.6451	26.2781	25.7634	26.059	25.6928	24.8398	24.6866	24.837	25.3797	26.4446	26.7022	26.9936	26.6407	26.041	26.4986	26.2903	25.6177	24.7707	24.2666	23.8249	22.7929	21.8069	21.5398	21.3802	21.031	21.0481	20.722	20.6637	21.0245	21.5655	22.6081	23.5567	24.1564	24.9769	25.8739	26.3752	26.7013	27.5261	28.0105	27.9731	28.6141	29.329	29.2839	28.8932	29.1898	28.4853	26.9042	25.8414	25.0093	23.9475	23.2165	23.1744	22.9656	22.3263	21.8776	21.4709	21.0693	21.0655	21.0091	21.2717	21.9576	22.4581	23.4113	24.7005	25.7892	26.5184	27.6301	28.9152	28.2042	27.5025	27.9036	28.4901	29.5205	29.8722	29.4121	28.6875	28.5542	28.3727	27.4822	26.8614	26.2122	25.905	25.6639	25.311	24.9247	25.0342	24.5737	23.632	22.5897	21.8303	20.9542	19.7632	18.5333	17.02	15.9805	15.5594	15.4564	15.6611	15.5464	15.4208	15.7589	16.973	17.9681	18.771	19.2366	19.3002	18.949	18.0648	17.4708	17.1808	17.9038	19.2036	20.6888	21.7367	21.876	22.7269	23.6405	24.699	25.7926	27.8446	29.7134	31.0226	32.1097	33.1693	33.5442	34.2703	36.0183	36.8059	36.7244	35.555	34.1689	33.5574	33.5511	32.3882	32.1926	34.1847	34.1376	34.8538	35.2979	36.2415	37.9766	36.5751	33.6049	31.255	29.4942	28.5222	28.2223	29.0477	30.5273	31.8275	33.1669	35.3767	35.9329	33.4828	29.9377	25.3413	21.4633	18.7762	16.159	14.0048	11.9396	10.4603	9.1387	8.20587	7.42398	6.92935	6.69936	6.66644	6.64279	6.69315	6.80114	6.69358	6.43331	5.95388	5.30406	4.53892	3.90087	3.38591	3.01618	2.75764	2.58162	2.47009	2.37603	2.30745	2.26243	2.22361	2.17889	2.13369	2.10696	2.0884	2.07024	2.05112	2.02734	2.00468	1.98215	1.96489	1.94027	1.91564	1.89652	1.87639	1.85209	1.83073	1.81322	1.79881	1.78399	1.77611	Robusta
C35	9.85957	10.0443	10.0203	9.69883	9.14958	8.6147	8.23229	8.01787	7.80711	7.62451	7.704	7.87118	7.85485	7.70913	7.5106	7.34622	7.25641	7.17421	7.21776	7.23511	7.14399	7.12101	6.97808	6.79392	6.72013	6.76226	6.88997	6.98364	6.9816	6.85301	6.80653	6.88525	6.94566	6.94653	6.97987	7.07898	7.27625	7.5067	7.7352	8.10501	8.58374	9.05451	9.5558	10.105	10.5271	10.7127	10.7569	10.6711	10.5699	10.675	10.701	10.9448	11.6105	12.0676	12.6674	13.6272	14.4785	15.121	15.793	16.2824	16.513	16.873	17.0638	17.5884	18.3136	18.1335	17.6958	18.314	19.3539	19.4606	19.1771	19.1778	19.0438	18.8563	18.7344	18.531	18.1221	17.9107	18.2602	18.3912	18.6681	18.9725	18.7452	18.4138	18.1064	17.696	17.6518	17.6115	17.676	18.178	18.6502	18.796	18.5278	18.0568	17.8468	17.8311	17.565	17.3693	17.2502	16.919	16.334	15.9079	15.4343	15.2799	15.7171	15.6716	15.2558	15.1014	15.4114	16.1097	16.7282	17.3069	17.5684	17.7319	18.2301	18.598	18.7987	19.3606	19.8251	19.9842	19.9071	20.1588	20.5045	20.3967	20.2241	19.9182	19.2466	18.254	17.7392	17.5601	17.1108	16.7506	16.3681	15.9669	15.867	15.7533	15.5523	15.2915	15.2253	15.4206	15.6177	16.1662	16.875	17.8325	18.6922	19.1168	19.6401	20.0379	20.1934	20.0533	20.316	20.3366	20.6251	20.8392	20.459	20.2518	20.3989	20.237	19.4097	19.0133	18.6001	18.2181	18.197	18.1228	17.8852	17.6702	17.4437	17.4636	16.9759	16.1895	15.2323	14.2732	13.4587	12.7104	12.1549	11.8304	11.7578	11.699	11.68	11.7488	11.7971	12.6132	13.2255	13.5734	13.866	13.6241	13.3304	13.1495	12.8718	12.5502	13.2178	14.1392	14.9465	15.5731	16.012	16.8002	17.1492	17.8052	18.387	19.3832	20.52	21.68	22.8792	23.4708	23.9349	24.5919	25.2099	25.4363	25.6023	25.6126	25.0425	24.5014	23.7155	23.0504	23.2156	24.2514	25.0961	25.4247	25.9609	26.7306	26.4789	25.9638	24.5451	22.4054	21.313	20.4828	19.8239	20.8751	21.6577	22.3213	23.6751	25.6142	26.5021	25.3832	22.9751	19.5833	16.8503	14.902	12.9509	11.1243	9.60316	8.60235	7.44751	6.5837	5.9156	5.50567	5.2489	5.12409	5.07883	5.06409	5.06259	4.9739	4.75785	4.386	3.93169	3.39541	2.96963	2.61297	2.35281	2.18896	2.05948	1.96532	1.90367	1.85559	1.81446	1.78325	1.74722	1.71511	1.69366	1.67461	1.6553	1.64291	1.62993	1.60791	1.58169	1.56951	1.55281	1.5313	1.51223	1.49058	1.47055	1.45388	1.44255	1.4291	1.41721	1.41166	Robusta
C36	11.2817	11.6395	11.7219	11.2517	10.487	9.80771	9.13869	8.67686	8.53142	8.48307	8.51453	8.59829	8.61892	8.50588	8.23641	7.95075	7.81093	7.80439	7.74393	7.69628	7.65406	7.52135	7.30296	7.05035	6.91284	6.9236	7.06929	7.15271	7.04998	6.90733	6.93387	7.02321	7.08079	7.05831	7.08402	7.24659	7.43074	7.73152	8.11589	8.58806	9.18133	9.80416	10.4016	11.0745	11.7104	11.8926	11.854	11.8238	11.7776	11.826	11.9144	12.3788	13.0491	13.6548	14.5344	15.4838	16.6806	17.8392	18.4366	18.8053	19.2287	19.8427	20.0133	20.4668	20.7392	20.6488	20.9823	21.4339	21.8151	22.5177	22.8515	22.8972	22.5787	22.0084	21.6795	21.0223	20.2425	20.0554	20.5645	20.6792	21.2712	21.5178	21.3247	20.9374	20.5338	20.3789	20.1123	20.4194	20.4583	20.9837	21.8218	21.8026	21.4967	20.8824	20.5288	20.4413	20.3367	20.1759	19.9947	19.4839	18.474	17.657	17.1739	16.9785	16.9117	17.1922	17.5274	17.1051	16.9025	17.4717	18.4616	19.2735	19.6271	19.8958	20.4455	20.9331	21.5395	22.0075	22.1863	22.9682	23.4033	23.235	23.546	24.1057	23.957	22.9601	21.9651	21.0336	20.1896	19.579	18.9487	18.5232	17.9988	17.696	17.5029	17.1339	17.0171	16.8951	16.7582	16.9367	17.2813	17.8114	18.8927	20.0304	20.9406	21.883	22.3906	22.9189	22.5031	21.8884	23.1608	23.4119	23.0135	23.5365	23.5644	23.2121	22.9601	22.908	22.3714	21.4781	20.9669	20.585	20.6208	20.4219	20.1354	20.3454	19.8886	19.3979	18.7723	18.1169	17.0882	15.8963	14.8637	13.8244	13.0213	12.6273	12.7387	12.8874	12.7446	12.6927	12.686	13.3215	14.3378	14.9894	15.3015	15.4749	15.2794	14.7808	14.4375	14.3503	14.8895	16.0076	17.2429	18.0543	18.6718	19.2388	19.4444	20.0925	21.1149	22.6924	24.0074	24.977	26.2554	27.1278	27.8848	28.9837	29.6961	29.1626	28.2822	28.3492	27.7881	26.6671	25.8455	25.8979	26.4947	28.1725	29.3329	29.9671	29.9275	31.3775	32.7734	31.8438	29.0026	26.2774	24.3251	23.5286	23.4768	23.7727	24.8586	26.1698	27.7432	29.4365	30.481	28.7764	25.6463	21.6149	18.3789	15.8361	13.4365	11.7219	10.1142	8.87677	7.71615	6.84081	6.17489	5.81473	5.61407	5.61389	5.71074	5.82563	5.89299	5.83644	5.60628	5.17756	4.62715	3.88978	3.27347	2.75964	2.39125	2.15164	1.98761	1.88294	1.79859	1.73726	1.69371	1.65428	1.61443	1.58344	1.55682	1.54107	1.5255	1.50577	1.48943	1.46705	1.4461	1.42943	1.40979	1.39499	1.37487	1.35423	1.33633	1.32372	1.31022	1.29751	1.28922	1.27705	Robusta
C37	18.7203	18.7671	18.7319	18.6165	17.7729	16.2646	15.734	15.8203	15.561	15.4361	15.7117	15.7978	15.6447	15.3543	14.9891	14.5307	14.0074	13.9119	13.7565	13.45	13.4011	13.4679	13.3883	13.0468	12.7282	12.8408	13.4215	13.6387	13.6207	13.6261	13.535	13.624	13.5367	13.5268	13.4514	13.3782	13.7996	14.0164	14.2477	14.8013	15.401	15.9324	16.8114	17.9876	18.7239	18.7624	18.8934	19.332	19.0457	18.5098	18.0633	18.3049	18.8527	19.4407	19.5767	19.9025	21.3026	21.755	22.4261	23.5541	23.2791	23.2771	23.7533	23.6061	23.7713	24.0085	24.55	25.3149	25.3993	25.1016	25.3681	25.5621	25.6296	26.2417	26.1023	25.7909	25.8324	25.4422	25.0114	25.3232	25.6864	25.8079	26.025	26.2143	25.5188	25.2916	25.9174	25.979	26.4023	26.817	26.8939	27.5971	28.1969	27.5638	26.6169	26.4088	27.1108	27.7938	27.2996	26.2377	25.7537	25.4193	24.7792	24.3523	24.3527	24.6603	24.1942	23.4274	23.1786	23.6098	24.1351	24.4251	25.0566	25.2469	25.1815	25.8405	26.3568	26.8711	27.6725	27.8559	28.3751	28.9564	29.5604	29.9814	29.7227	29.4693	28.998	28.6128	27.826	27.4295	26.8094	25.9033	25.5444	25.4119	25.4433	25.1741	24.9767	24.3129	23.9865	24.294	24.557	24.7185	24.8174	25.3768	26.1591	27.1244	27.4415	27.4173	27.2574	26.9746	28.0579	28.9357	29.2062	29.4687	29.76	29.154	28.8811	29.8121	29.6853	28.4781	28.2518	28.2856	27.9832	28.0703	28.4703	28.7154	28.1526	27.3356	27.278	26.9858	25.773	24.8207	24.0034	23.2777	22.0565	20.9139	20.7213	21.0746	21.2354	21.2936	21.2014	21.3536	22.0283	23.0007	23.4945	23.3573	22.794	22.5168	22.1447	21.5779	22.1029	22.4879	23.1913	23.7941	24.1478	24.5259	24.3258	24.7605	25.0704	25.4493	26.7375	27.5167	27.8969	28.5569	28.9821	29.5997	30.9588	32.1793	32.4894	32.4927	32.4414	31.4781	31.3016	31.7172	30.6529	31.2549	32.3974	33.4721	33.8227	35.6271	37.1917	36.2526	35.3646	33.4701	31.2857	30.5611	30.6505	32.1996	33.4306	33.6419	34.5167	36.9211	37.0971	37.8472	38.1023	33.6603	29.0197	25.9371	23.1877	20.552	17.9519	16.0407	14.1025	12.9029	11.7024	10.8905	10.4623	10.3171	10.3203	10.363	10.3899	10.2216	9.83299	9.25924	8.50134	7.4852	6.64666	5.91088	5.38234	5.01889	4.73092	4.55347	4.42412	4.28929	4.18933	4.15425	4.09838	4.02787	3.97252	3.94312	3.92458	3.89557	3.86201	3.81823	3.74625	3.6948	3.66535	3.62784	3.59458	3.54883	3.49748	3.45369	3.41649	3.37348	3.3418	3.339	Robusta
C38	14.5692	14.9787	15.2249	14.7135	13.856	12.77	11.9951	11.6295	11.3789	11.2499	11.3002	11.516	11.6666	11.4006	11.0586	10.8431	10.682	10.8041	10.7895	10.7218	10.6286	10.4666	10.2804	9.88401	9.73155	9.69776	9.74575	9.81061	9.67614	9.55951	9.51981	9.55413	9.71425	9.83383	9.9141	10.0994	10.3444	10.5978	11.0645	11.6841	12.1742	12.7835	13.7326	14.685	15.3315	15.6331	15.4638	15.2099	15.2206	15.3547	15.5022	15.9657	16.6143	17.681	18.5283	19.4455	21.3657	22.6179	23.2512	23.5968	23.7104	24.125	24.8027	25.496	25.8754	25.9294	26.3988	26.8614	27.7428	28.7409	27.8439	28.1075	29.2693	28.5518	27.7756	26.9633	25.6297	25.7615	26.2377	26.2901	26.5715	26.4994	26.5127	26.5007	25.6854	25.0207	25.4286	25.47	25.7924	26.5342	26.3682	26.7013	26.9612	26.2539	25.8294	26.0106	26.1216	25.4042	24.674	23.9445	22.9932	22.7929	22.7541	22.4281	22.4376	22.6126	22.4022	22.0532	22.2305	22.5295	22.8768	23.7911	24.6714	25.1548	25.4442	25.773	26.4026	26.4421	26.7623	27.8867	28.4802	28.3972	28.0569	28.0453	27.7338	27.3306	27.344	26.3104	25.4767	24.983	24.2241	23.8822	23.5429	23.424	23.1404	22.7037	22.4794	22.1936	22.1047	22.3144	22.7867	23.3315	23.855	24.764	25.8439	27.104	28.1809	28.2442	27.5686	27.277	28.0244	28.4197	28.5989	29.2401	29.2001	28.7348	28.2367	28.1665	27.9305	27.1357	27.1508	26.5349	25.8778	25.9589	25.9573	25.857	25.7828	25.2537	24.0623	23.5559	22.2494	21.0551	20.0651	18.7862	17.7571	17.1807	17.3111	17.5297	17.3974	17.2101	17.1903	18.3059	19.1784	19.8504	20.2563	20.2956	20.1649	19.4199	18.8827	18.9594	19.7243	20.5311	21.9141	22.7849	23.6262	24.2005	24.4383	25.307	26.386	27.9898	29.0172	30.1111	30.7855	31.9962	33.0361	33.2421	33.477	34.1325	35.0338	34.193	32.9156	32.677	32.5818	32.3872	32.0008	33.6349	34.7098	33.626	33.9769	37.0114	37.5201	36.6097	34.5215	31.961	30.2499	29.0711	29.1875	30.5828	31.0379	32.0184	33.4997	34.9345	36.2628	35.5843	32.743	28.6286	24.4053	21.3393	18.7601	16.5587	14.3259	12.7921	11.2633	10.0509	9.15843	8.69957	8.51086	8.56454	8.69149	8.79998	8.92381	8.84835	8.49229	7.79447	6.91079	5.83147	4.88933	4.08768	3.5426	3.1983	2.96047	2.7948	2.65827	2.57416	2.5165	2.45296	2.39381	2.35217	2.31799	2.2898	2.26167	2.24114	2.22701	2.1998	2.16505	2.1451	2.12377	2.0975	2.07615	2.05334	2.02775	2.00557	1.98694	1.97172	1.95442	1.94372	Robusta
C39	12.0597	11.9688	11.8486	11.4051	10.6788	9.87265	9.17742	8.85795	8.66175	8.53219	8.51578	8.60642	8.54264	8.37427	8.36889	8.32429	8.35004	8.40961	8.41902	8.38364	8.23278	8.08164	7.92924	7.73093	7.49233	7.34463	7.35692	7.41636	7.3668	7.22693	7.19489	7.41206	7.62632	7.58089	7.59715	7.74414	7.92681	8.22195	8.63802	9.04278	9.41801	9.82247	10.3354	10.9666	11.5206	11.5189	11.12	11.1481	11.4181	11.7694	12.3474	12.8018	13.611	14.7897	15.6825	16.795	18.0291	19.0714	19.7552	20.5034	20.8181	20.6602	20.9826	21.4617	21.6663	22.0939	22.8519	23.5769	23.6237	23.4856	24.2793	25.0724	25.0218	24.9927	24.4553	23.1117	22.5208	22.3467	21.853	22.0257	22.7679	23.1458	22.5917	21.871	21.7887	21.3954	21.6072	21.935	22.0129	21.8241	21.5031	21.34	21.0893	20.9907	20.6213	20.4503	20.3044	19.9023	19.537	18.9677	18.6699	18.4001	18.0559	18.4085	18.486	18.2749	18.1158	17.9471	18.2055	18.4735	19.0272	20.0594	20.7195	21.0088	20.9525	21.0574	21.4714	21.6976	21.8444	22.0725	22.1898	22.0584	22.2486	22.7633	22.9073	22.2266	21.3614	20.8251	20.5266	20.1758	19.7953	19.5452	19.4493	18.982	18.6583	18.7598	18.4839	18.3473	18.7221	19.0742	19.1188	19.5736	20.5734	21.4684	21.8945	22.2105	22.8035	23.2658	23.175	23.0509	23.8984	24.08	24.1262	24.3142	24.2056	24.5693	24.2822	23.947	23.8139	22.9828	22.1025	22.0018	21.8498	21.6675	21.7634	21.635	21.3424	20.9148	20.5192	19.569	18.2852	17.3443	16.4192	15.296	14.373	14.0825	14.2661	14.2194	14.1334	14.3089	14.2901	14.7738	15.6073	16.2541	16.3313	16.1715	16.224	16.106	15.9907	15.8177	16.7513	18.0002	18.9476	19.6051	19.959	20.4118	20.64	21.6207	22.4105	23.5652	24.8553	25.9504	26.8955	27.5121	28.2496	29.1213	29.4582	28.8797	28.8421	28.3035	27.2431	26.9755	26.8702	26.4442	26.7801	27.5051	27.6788	28.3268	29.9894	32.6153	32.2324	31.6944	30.8556	28.9165	27.9212	26.6854	24.9726	25.6706	26.6319	27.228	28.2999	29.2015	29.768	29.2197	27.5832	23.5986	19.9446	17.7626	15.811	14.1542	12.3703	11.1138	9.85773	8.92658	8.34061	8.11808	8.16246	8.46029	8.82216	9.18325	9.56401	9.62277	9.24491	8.35275	7.2345	5.84263	4.66469	3.68588	3.01926	2.58697	2.29325	2.11688	1.98894	1.89865	1.82352	1.76332	1.71049	1.66685	1.63312	1.60565	1.57935	1.55745	1.53543	1.51064	1.49193	1.47313	1.44993	1.43027	1.41092	1.39355	1.37788	1.36283	1.34973	1.33685	1.32246	1.31319	Robusta
C40	12.5356	12.9756	12.9168	12.2473	11.6191	10.996	10.2771	9.83479	9.677	9.71692	9.7959	9.96569	9.9806	9.72052	9.4238	9.24274	9.13127	9.07395	9.13302	9.23502	9.13848	8.9679	8.83835	8.52509	8.37736	8.43917	8.47695	8.54007	8.51575	8.34182	8.27898	8.34232	8.434	8.48057	8.47145	8.6112	8.93226	9.17316	9.47312	9.85605	10.2486	10.7073	11.2582	11.9315	12.3555	12.4169	12.4546	12.3747	12.4964	12.6668	12.5336	12.806	13.3158	13.7883	14.5784	15.5825	16.4462	17.1414	17.7665	18.3873	18.9797	19.0156	19.0114	19.3644	19.6004	20.0594	20.4762	21.0046	21.9589	22.367	22.1765	22.3803	22.3209	21.4846	20.9328	21.05	20.6617	20.0632	19.9538	20.4077	21.0669	21.1246	20.8831	20.7126	20.5944	20.4191	20.0646	19.8061	19.9434	20.5016	20.6746	20.596	20.676	20.189	19.7033	19.5239	19.2829	19.1235	18.9904	18.3411	17.7405	17.5153	17.1604	16.9381	17.052	17.142	17.1968	17.0948	17.216	17.7203	18.2696	18.729	19.1465	19.6681	19.8109	19.8778	20.1225	20.699	21.0154	21.0636	21.3395	21.4846	21.6131	21.8896	21.9006	21.5947	21.014	19.9454	19.2085	18.8336	18.2668	17.8843	17.7452	17.6005	17.5008	17.2627	17.0673	16.9877	16.91	17.0764	17.3292	17.6576	18.3701	19.1396	20.0156	20.7743	21.415	21.7067	20.858	20.5872	21.7161	22.4028	22.179	21.6016	21.4143	21.6464	21.5114	21.2138	20.9824	20.146	19.3799	19.2083	19.3696	19.6018	19.2819	18.9614	18.8994	18.5646	17.9089	17.67	16.952	15.8922	14.774	13.9738	13.4516	13.1455	12.994	12.9356	13.1924	13.349	13.3207	13.9181	14.4007	14.6354	14.8883	15.1384	14.9625	14.3942	13.8676	13.8103	14.697	15.3095	15.8444	16.2809	16.5566	17.1489	17.5499	18.0986	18.6803	20.1263	21.4621	22.4789	23.4478	24.1025	25.1782	25.5542	25.4912	25.905	25.8336	25.7462	25.4641	24.4575	23.638	23.4484	23.5415	24.0649	24.3634	25.3382	26.1678	27.5373	28.9334	27.7435	25.0762	23.3024	22.3402	21.7452	21.0378	21.0305	22.3177	23.6829	24.7152	25.4261	26.2882	25.6858	23.2295	20.3047	18.1115	16.2109	14.2518	12.698	11.247	10.1375	9.07479	8.22809	7.561	7.16081	6.92648	6.92931	7.01852	7.12909	7.25143	7.24893	6.96416	6.42548	5.78226	4.94429	4.23523	3.62504	3.18016	2.87137	2.65364	2.51926	2.40991	2.32867	2.26912	2.22467	2.17568	2.13262	2.10222	2.07357	2.04724	2.02755	2.00421	1.97845	1.95341	1.93166	1.91053	1.88797	1.86469	1.84143	1.81687	1.79281	1.77732	1.76537	1.74906	1.73451	Robusta
C41	11.5564	11.9484	11.8479	11.2901	10.6762	9.94242	9.3144	9.08645	8.89695	8.87898	8.95129	8.94488	8.97636	8.76289	8.45212	8.28133	8.13166	8.05758	8.1159	8.0505	7.95117	7.83456	7.69075	7.49845	7.34015	7.27047	7.39101	7.49187	7.37144	7.29652	7.2228	7.22106	7.2514	7.32231	7.46774	7.54569	7.67476	7.98804	8.35212	8.75034	9.18762	9.716	10.4565	11.1379	11.4916	11.6863	11.6008	11.2842	11.2879	11.3791	11.4819	12.0668	12.5466	13.1185	14.2564	15.1982	16.3523	17.7678	18.3633	18.8511	19.4043	19.604	19.3674	19.9637	21.1008	20.715	21.2466	21.7726	21.642	21.8463	22.3806	23.0513	23.1163	22.7028	21.5316	21.4766	21.1531	20.321	20.7545	21.226	21.2971	21.6572	22.1156	21.4793	20.5267	20.3292	20.4397	20.5065	20.8019	20.8488	21.0324	21.4589	21.2533	21.0448	20.7042	20.1643	20.4098	20.2658	19.2618	18.6933	17.9743	17.2592	17.1473	17.0677	16.9358	16.7975	16.3643	16.3103	16.5503	16.9367	18.0672	18.8432	19.2969	20.1207	20.7117	20.988	21.4421	21.8501	22.163	22.5164	22.8117	22.7076	22.4916	23.0932	23.1306	22.5306	21.4016	20.2905	19.5028	18.814	18.497	18.2034	17.9294	17.925	17.7364	17.3152	17.0948	16.8993	16.831	17.109	17.4051	17.8157	18.636	20.0672	21.4822	22.0905	22.4778	22.7964	22.4648	22.2561	23.1492	23.631	23.4438	23.413	23.8947	23.9301	23.5948	23.2741	22.6361	22.0468	21.2105	20.6544	20.7898	20.4471	19.8348	19.6886	19.5704	19.5152	19.0501	17.9537	16.6242	15.4863	14.5228	13.8313	13.1286	12.6357	12.6286	12.7206	12.835	12.832	12.7067	13.3973	14.3591	15.0263	15.2749	15.1655	14.985	14.5709	13.9891	14.0721	15.0957	15.8576	16.8565	17.6616	18.3128	19.0709	19.6123	20.6626	21.6688	22.7984	23.8593	25.0138	26.4353	27.4181	27.8254	28.7047	29.5658	29.7732	29.4696	29.5275	29.4259	28.4424	27.9149	27.2492	26.8381	28.0578	28.3275	29.3638	31.1294	31.9441	32.5377	31.2646	28.6123	26.1402	24.489	23.1864	22.5533	22.7374	23.9623	25.584	27.1513	28.9609	29.175	27.4555	24.0977	19.9494	16.9673	14.8982	12.8986	11.061	9.32726	8.25276	7.28498	6.563	5.97069	5.6259	5.46254	5.46922	5.52719	5.62105	5.68548	5.58185	5.37315	4.98121	4.44653	3.77844	3.22643	2.76716	2.43886	2.22484	2.0721	1.97512	1.89562	1.83728	1.80056	1.76593	1.73227	1.70058	1.66802	1.64409	1.62377	1.60931	1.59343	1.57249	1.55343	1.53621	1.51449	1.49443	1.47826	1.45813	1.4366	1.42164	1.4044	1.39112	1.38011	1.37034	Robusta
C42	16.4723	16.7089	17.1836	17.029	15.6535	14.6085	13.969	13.4734	13.3047	13.2074	13.1417	13.1757	13.0132	12.7443	12.4894	12.2711	12.1905	12.3202	12.4257	12.3081	12.2649	12.0768	11.8103	11.65	11.4809	11.5291	11.7703	11.6593	11.5055	11.3795	11.1812	11.5424	11.7789	11.5914	11.6826	11.893	12.0744	12.3673	12.9343	13.4844	13.9479	14.5878	15.4075	16.1586	16.4624	16.6224	16.642	16.5953	16.521	16.4475	16.628	16.9182	17.5621	18.5329	19.6552	20.4552	21.8924	23.0857	23.4303	23.7937	24.0974	24.419	24.4873	25.0687	25.3951	25.6236	26.312	27.1307	27.3586	27.7345	27.9136	27.8778	28.061	28.445	29.3562	28.4868	27.1979	27.4189	27.2193	26.7141	27.2556	28.0906	27.9523	27.1358	26.3374	26.4101	26.3251	26.401	26.2953	26.2108	26.8307	27.3858	27.4143	26.937	26.7145	26.7818	26.3404	26.2255	25.8785	24.9659	25.1619	24.3032	23.3351	23.7777	23.968	24.0041	23.8282	23.1613	23.0801	23.5037	24.1988	25.6785	26.5387	26.2348	26.6046	26.9128	27.0157	28.1399	28.7572	28.7425	28.4096	28.0045	28.9177	29.4272	29.2638	29.1112	28.0582	26.8251	25.8997	25.618	25.3231	24.8657	24.4729	23.8177	23.6805	23.8915	23.8607	23.4669	23.4629	23.5236	23.2438	24.1671	25.1559	25.7564	27.2315	27.8936	27.9915	28.2882	28.1724	27.8327	28.4843	29.4761	29.7562	29.6759	30.0369	30.2009	30.2192	30.2047	29.3847	28.6156	27.7752	27.1307	26.9785	26.5023	26.9435	27.1698	26.6767	26.606	26.0207	25.1284	23.7143	22.8518	21.7522	20.4957	19.8707	19.2479	19.2	19.5779	19.5787	19.3566	19.3758	20.0721	20.8247	21.6747	21.8102	21.2014	21.0936	20.8134	20.4084	20.9287	21.7612	22.3003	22.917	23.5999	24.9277	24.7768	24.8438	26.011	26.7269	27.435	28.7349	29.916	30.7819	30.936	31.9805	34.0654	34.9733	35.4121	34.3847	33.6948	33.847	33.8948	34.0741	33.0644	31.9376	33.5594	36.2019	37.6123	37.4046	39.4332	40.3704	40.0765	37.0765	34.3742	33.6475	32.4499	30.947	31.1489	33.0675	33.3912	33.8019	36.7619	38.7627	39.0734	36.7575	31.6998	27.955	25.2941	22.4724	20.1962	17.6179	15.7746	13.9669	12.6629	11.7897	11.1677	10.7884	10.7549	10.8923	11.1531	11.4347	11.4722	11.1372	10.3849	9.30793	7.89743	6.67973	5.59498	4.82498	4.31033	3.96721	3.73152	3.55711	3.44923	3.34614	3.26713	3.20705	3.14444	3.08999	3.04566	2.99974	2.97695	2.95298	2.90571	2.8625	2.83193	2.79156	2.75317	2.71806	2.68449	2.65842	2.62935	2.59627	2.57129	2.55486	2.5392	Robusta
C43	15.051	15.8535	16.0783	16.0067	15.128	14.0952	13.4499	13.0158	12.7612	12.559	12.6546	12.7436	12.6306	12.5552	12.5132	12.2783	11.9969	11.9615	11.8412	11.9364	11.9736	11.7323	11.5384	11.1238	10.8506	10.9969	11.3676	11.4978	11.2664	10.9616	10.8644	11.0845	11.2801	11.2365	11.2615	11.5285	11.8171	12.0071	12.2461	12.6334	13.0267	13.5503	13.9225	14.4104	15.1719	15.5509	15.2834	14.8266	14.7783	14.9875	15.4675	15.7688	15.882	16.4519	17.2617	17.9442	18.3698	19.1861	20.7005	21.0902	21.0444	21.2535	21.4814	21.3226	21.7288	22.6604	22.691	22.6404	23.088	23.7623	23.873	24.3294	24.5291	24.0118	23.6163	23.8742	23.6122	23.2216	23.295	22.9457	23.2403	24.005	24.2519	23.6557	23.0773	22.7595	22.5854	22.9629	23.3073	23.595	23.6991	23.3959	23.6934	23.8455	23.4291	23.2913	22.956	22.5594	22.4652	22.3193	21.8229	21.5603	21.4898	21.2886	21.2456	21.3769	20.9621	20.2845	20.3124	20.6847	21.4606	22.4745	22.9209	23.1483	23.2917	23.3311	23.6414	24.1285	24.3767	24.7258	24.759	24.7821	24.8884	24.9095	25.4369	25.5897	25.1362	24.1323	23.4556	22.9557	22.7284	22.5863	22.0106	22.0189	21.7951	21.4113	21.162	20.9261	21.1292	21.5386	21.5444	21.3869	21.9015	22.7644	23.7549	24.402	24.6651	25.118	24.823	24.5976	25.7175	25.8649	26.0765	26.4971	26.701	27.1226	27.1584	26.9125	26.0396	25.4477	25.0865	24.5308	24.346	24.8038	24.3155	23.7719	23.9176	24.1365	23.4767	22.3471	21.4603	20.8726	20.2446	19.2592	18.4327	17.7837	17.712	17.8625	17.9442	17.9053	17.8909	18.5123	18.7275	19.109	19.8592	20.0428	19.2363	18.6498	18.3041	18.0475	18.501	19.4128	20.4737	20.5182	20.4312	21.8818	22.4255	22.8083	23.3626	24.4329	25.1758	25.4958	26.4574	27.4629	28.5091	29.8151	29.7707	30.0264	30.7974	30.5527	30.0705	29.9414	29.732	29.0805	28.6593	29.0497	29.6558	30.1761	30.753	32.8058	32.6574	32.4903	31.61	29.754	28.3523	26.919	26.3209	27.1398	27.4846	28.3224	30.3104	31.8043	33.7129	33.8476	31.0629	27.7725	25.4963	23.2783	20.8268	18.7578	16.7815	15.225	13.5826	12.3443	11.4146	10.9149	10.5891	10.5499	10.7081	10.8425	11.0902	11.1093	10.6929	10.0062	9.06917	7.78131	6.70009	5.75204	5.0569	4.57644	4.25466	4.05842	3.88192	3.76297	3.68592	3.60996	3.52885	3.45977	3.41345	3.37577	3.33695	3.31035	3.27338	3.22578	3.18158	3.14866	3.11529	3.08967	3.05901	3.00621	2.96499	2.93612	2.90948	2.88115	2.86105	2.848	Robusta
C44	13.3084	13.5435	13.2114	12.9055	12.3666	11.6045	11.102	10.8021	10.5791	10.4391	10.4706	10.5826	10.5895	10.338	10.0111	9.84486	9.8233	9.83544	9.88818	9.75981	9.55288	9.35263	9.23557	9.13698	8.95948	9.02622	9.24656	9.38793	9.42808	9.31426	9.2958	9.41957	9.41791	9.42066	9.49839	9.63388	9.90536	10.3028	10.6779	11.1752	11.6804	12.1405	13.2494	14.5262	14.859	15.124	15.2358	14.9573	15.0221	14.9817	14.9938	15.1797	15.5749	16.5179	17.7433	18.9625	19.9719	20.8784	21.6582	22.0575	22.7018	23.5535	23.4981	23.4739	23.7344	23.7635	24.2589	25.1822	26.0871	26.2937	26.4051	26.9287	26.61	25.7055	25.0577	24.8083	24.7484	24.4589	24.0196	24.5376	25.8185	26.4649	25.5754	25.076	24.836	24.4733	24.2089	24.032	24.5031	24.907	25.357	26.1308	26.6303	25.7669	25.2402	25.1945	24.7917	24.4335	23.8062	23.2197	22.768	21.6317	21.1487	21.4759	21.4801	21.3381	21.2801	21.1939	21.1672	21.5556	22.7677	23.9852	24.0397	23.8921	24.579	25.7296	25.9848	25.9898	26.8264	28.0849	27.9482	27.7164	27.7121	27.5601	28.4002	28.1433	26.4594	25.1926	24.6644	24.2334	23.4793	22.9079	22.5377	22.0418	21.6997	21.7449	21.6412	21.3779	21.1852	21.1427	21.7386	22.381	23.2219	24.4559	25.7181	26.2838	26.9447	27.8505	27.344	26.7889	27.3751	27.6115	27.3027	27.7785	28.3417	28.4364	28.0194	27.4836	26.3154	25.7418	25.4325	24.5234	24.4755	24.9353	24.5245	24.3648	24.1007	23.9757	23.5311	22.0365	20.4457	19.4984	18.749	17.7058	16.887	16.2901	16.1896	16.2696	16.2694	16.6017	16.7791	17.877	18.9285	19.5413	19.5081	18.9872	18.4639	17.824	17.4521	17.3879	18.4236	19.5214	20.2731	21.349	23.2893	23.6862	23.3621	24.0146	24.6182	26.2286	27.686	28.6785	30.2408	31.4644	32.4723	32.8803	33.8488	34.953	34.7428	33.9788	32.7272	31.6934	32.4896	32.3535	31.4835	32.8625	33.4231	34.25	35.7258	37.8757	37.5642	35.8259	33.557	31.6084	30.0158	27.8094	27.4862	28.9157	30.183	32.2972	33.8416	35.7208	37.4337	35.8405	31.5731	26.5468	23.3659	20.6325	17.9618	15.6733	13.5178	11.9116	10.3162	9.11239	8.10108	7.46592	7.10058	6.90083	6.74021	6.70125	6.7044	6.53387	6.22977	5.79167	5.23493	4.59368	4.07467	3.61836	3.29347	3.08104	2.91766	2.80673	2.71821	2.65438	2.60332	2.55889	2.51353	2.47335	2.45432	2.43549	2.40329	2.37966	2.35952	2.33618	2.31348	2.2876	2.26419	2.24368	2.20929	2.17787	2.15576	2.13947	2.1216	2.09946	2.08673	2.07114	Robusta
C45	11.6926	12.0508	11.9232	11.4211	10.9241	10.25	9.51308	9.15322	9.10356	9.17819	9.27871	9.37496	9.34239	9.19936	9.01176	8.80611	8.63157	8.63185	8.59585	8.55329	8.64612	8.51535	8.2926	8.18397	8.00627	8.03738	8.27313	8.43557	8.42341	8.23744	8.14685	8.20955	8.29676	8.37599	8.51963	8.6136	8.79608	9.03568	9.37598	10.0618	10.7467	11.2375	11.8926	12.7303	13.2604	13.4423	13.3019	13.0923	13.1761	13.3872	13.5775	13.6881	14.1484	15.1083	15.8306	16.7528	18.2371	19.7788	20.4851	21.0205	21.11	20.7572	21.6866	21.9926	21.9579	22.2153	22.6669	23.5704	23.7	23.8516	24.2209	24.6588	24.3258	24.3849	24.0457	22.831	22.3571	22.0917	22.1913	22.7409	23.5862	24.1448	23.8493	22.9679	22.6087	22.0515	22.105	22.4913	22.2533	23.1583	24.1086	23.8263	23.2489	22.8427	23.1657	23.1588	22.3732	22.4084	22.3562	21.2564	20.1901	19.7488	19.6368	19.7075	19.489	19.2854	19.3383	19.3316	19.6634	20.1752	20.8148	21.7295	22.5659	22.827	23.0661	23.6474	23.9845	24.4519	24.8191	24.9939	25.7656	26.4803	26.5617	26.0054	26.0405	25.7925	24.5575	23.5848	22.9354	22.6414	21.8131	20.7665	20.4451	20.4143	20.2899	20.2013	19.9186	19.7356	19.8438	19.8682	20.0651	20.6831	21.6361	22.7925	23.7583	24.6292	25.239	25.7177	25.9175	24.8561	25.0363	25.9119	26.1019	26.0057	25.9913	26.3072	25.8664	24.9009	24.4804	23.9595	23.3451	23.4217	23.1166	22.5521	22.1564	22.1753	22.321	22.048	21.5584	20.3129	18.9576	18.115	16.936	15.9488	15.3511	14.8847	14.6545	14.7373	14.7671	14.7842	14.8905	16.0128	17.2349	17.2661	17.3997	17.8887	17.3871	16.7211	16.3189	16.1298	16.8145	17.7937	18.6701	19.4359	20.4067	21.2957	21.4007	22.1517	23.0456	24.2798	25.7789	26.9216	27.9129	29.0427	29.564	30.2128	31.2318	31.8529	32.383	31.8641	30.4774	29.5426	29.3665	28.5627	28.4708	30.0546	29.8766	30.5758	32.7044	33.4572	33.0406	32.2605	30.6568	28.1653	26.0018	25.6192	25.3298	25.8255	28.0054	29.3349	29.9158	32.158	33.3726	32.7487	29.5577	24.8198	21.7695	18.9034	16.3656	14.2324	12.1508	10.8079	9.3678	8.21351	7.2429	6.6526	6.28717	6.07326	5.90145	5.80787	5.7975	5.65305	5.34024	4.94446	4.49996	3.96466	3.51898	3.14894	2.87882	2.68239	2.54278	2.456	2.3888	2.33426	2.28164	2.24101	2.20813	2.17102	2.14389	2.13377	2.11169	2.09033	2.07089	2.04143	2.01194	2.00249	1.98327	1.95885	1.93814	1.91013	1.89002	1.87197	1.85274	1.83634	1.82002	1.81099	Robusta
C46	10.4416	10.9652	11.0488	10.7482	10.081	9.38358	8.90996	8.60377	8.51609	8.55216	8.68191	8.82244	8.74809	8.50682	8.18964	7.87695	7.59902	7.44632	7.47541	7.39491	7.26336	7.20039	7.01787	6.86524	6.86227	6.91371	7.10966	7.40128	7.41531	7.30491	7.33008	7.37538	7.42609	7.39586	7.41713	7.563	7.67637	7.88457	8.29271	8.72273	9.18833	9.91313	10.7303	11.5018	12.2169	12.4915	12.4536	12.3518	12.4177	12.3527	12.1921	12.3453	12.4659	12.8093	13.5542	14.4986	15.7985	16.7368	17.2804	17.8851	18.0288	18.163	18.3279	18.5935	19.0342	19.3821	19.3512	19.526	20.4256	20.7461	20.6549	20.8137	20.1617	19.7647	19.5128	19.4705	19.1696	18.413	18.7921	19.6084	20.1993	20.6133	20.2672	19.7786	19.293	18.892	19.047	19.3092	19.3043	19.591	20.4085	20.7666	20.7296	20.3689	19.7981	19.6505	19.7992	19.7634	19.5257	18.997	18.2238	17.4853	17.1763	16.9436	16.7088	16.8223	16.9889	16.9556	17.1491	17.6624	18.1328	18.7048	19.2071	19.6066	20.3146	20.8563	21.3763	22.2046	22.3311	22.675	23.1679	22.7949	22.8148	23.2	23.29	23.1646	22.1977	21.0795	20.4942	19.895	18.9432	18.2296	17.9647	17.7044	17.3965	17.2717	17.1252	17.0994	17.045	16.9358	17.2888	17.8454	18.4593	19.2144	20.1985	20.8434	21.1901	22.0058	22.1962	21.6487	21.7262	22.3135	22.5702	22.3147	22.3869	22.8485	22.6302	22.2143	21.3459	20.779	20.3452	19.8481	20.0485	20.1093	19.5985	19.3559	19.3788	19.0282	18.5372	17.9773	16.7962	15.7522	14.828	13.7525	13.0183	12.6943	12.7415	12.9184	12.8998	12.8113	12.8232	13.7538	14.7804	15.3556	15.7711	15.2698	14.5032	14.1139	13.6	13.1944	13.593	14.5692	15.5684	16.3002	16.9215	17.4145	17.7843	18.5584	19.4316	20.5517	21.8299	22.8362	23.5669	24.6315	25.1476	25.5175	26.593	27.2202	27.188	27.3204	26.4487	25.1114	25.0057	25.4793	26.2869	26.7172	25.9757	26.7369	27.9235	28.8145	29.7457	28.6387	26.0336	23.7118	22.606	22.1818	21.9271	22.9303	24.895	26.0951	27.1247	29.1809	30.0589	28.729	26.0743	22.0417	18.2324	15.4471	12.9518	11.0122	9.47488	8.2899	7.08455	6.24031	5.55183	5.0892	4.73291	4.49641	4.34628	4.22619	4.11035	3.98342	3.80959	3.55605	3.26695	2.96277	2.71825	2.50869	2.34879	2.23834	2.1518	2.08969	2.03976	1.99682	1.96381	1.94114	1.91338	1.88472	1.86563	1.85367	1.83727	1.82375	1.80926	1.78725	1.76083	1.74632	1.73111	1.70669	1.68492	1.6646	1.64486	1.6233	1.60392	1.59037	1.58127	1.57258	Robusta
C47	11.7192	11.8295	12.016	11.6525	10.8646	10.3189	9.72408	9.25636	9.16363	9.1846	9.19614	9.22461	9.236	9.10549	8.85412	8.70052	8.71094	8.59573	8.55138	8.61523	8.51688	8.47378	8.31197	8.0463	7.89828	7.91907	8.05049	8.15872	8.17694	8.02998	7.96752	8.02622	8.13886	8.15368	8.17774	8.38406	8.621	8.92982	9.2812	9.71392	10.2496	10.8963	11.4464	12.0907	12.7505	12.911	12.8255	12.9056	12.8029	12.6024	13.0213	13.5323	13.9552	14.4721	15.0859	16.1637	18.0234	19.3759	19.8783	20.4721	20.2093	20.4643	21.3893	22.0318	22.813	23.152	23.1049	23.3612	23.6633	24.3047	24.3851	24.0391	24.3208	24.4784	24.0299	23.2723	22.2908	22.0416	22.2157	22.6592	23.5103	23.6336	23.5186	23.2703	21.8187	21.2275	21.8687	22.2947	22.0705	21.8875	22.5504	22.9703	22.7111	22.5259	22.2978	21.6339	21.586	21.5765	21.0164	20.3838	19.7399	19.2001	18.7655	18.6391	19.1412	19.1614	18.6895	18.5492	18.8907	19.4888	20.0618	21.0794	22.0923	22.2048	22.6253	23.2398	23.4279	23.741	24.3101	24.6621	24.6657	24.8796	24.6114	24.5825	24.9687	24.8492	23.6056	22.6357	22.071	21.6066	21.248	20.3134	19.7181	19.7576	19.6747	19.2682	19.1463	19.321	19.3345	19.1886	19.534	20.3389	20.9967	21.8161	22.9022	24.3068	25.6048	25.5029	24.7607	24.5202	25.7068	26.0382	25.4455	26.1781	26.1509	25.4434	25.1796	25.298	24.6749	23.6287	23.3881	22.7735	22.1762	22.255	22.1022	21.7087	21.5002	21.2303	20.4711	19.7575	18.445	17.3741	16.4038	15.2627	14.4522	14.2163	14.3791	14.612	14.5856	14.3227	14.4728	15.5061	16.4367	16.8908	17.0013	16.6452	16.0875	15.5423	15.3488	15.7351	16.4498	17.1678	18.0438	18.7929	19.4072	20.2248	20.868	21.9594	23.165	25.0103	26.3681	27.0558	27.9495	29.2252	30.1179	31.0034	31.8971	32.9419	33.5867	33.0209	31.2754	29.5102	28.9367	28.6963	29.064	30.3096	30.9143	32.1723	32.9119	34.6133	34.7955	33.1868	31.2886	28.1537	25.8739	25.7208	25.9354	25.5329	26.6996	28.6593	29.7439	31.212	33.3818	32.5977	28.5976	23.9437	20.597	18.0804	15.5417	13.5168	11.6423	10.1619	8.84608	7.84632	6.98296	6.47664	6.15481	6.04478	5.9672	5.85357	5.82914	5.78275	5.54778	5.12181	4.61974	3.99656	3.48768	3.06789	2.76834	2.56316	2.41659	2.3233	2.24522	2.18657	2.13718	2.09949	2.06536	2.03403	2.00352	1.97947	1.96307	1.95162	1.93474	1.90789	1.88111	1.86001	1.84182	1.8241	1.8023	1.7796	1.76137	1.74072	1.71749	1.7022	1.69078	1.6807	Robusta
C48	9.10625	9.2431	9.30546	9.13074	8.70905	8.11532	7.53047	7.24299	7.17112	7.23215	7.32825	7.47554	7.48588	7.23843	6.97214	6.74616	6.65992	6.6408	6.65188	6.66542	6.58036	6.42326	6.2658	6.12709	6.10033	6.20841	6.33154	6.40682	6.41281	6.33969	6.27592	6.37509	6.44772	6.49067	6.52303	6.52594	6.66949	6.96145	7.3278	7.66638	8.14462	8.73302	9.30379	10.0448	10.4639	10.528	10.6285	10.5549	10.4661	10.5777	10.5765	10.6943	11.205	11.8088	12.4717	13.417	14.512	15.3978	16.0682	16.3943	16.7702	17.0771	17.3867	18.1353	18.8619	18.7524	18.6189	18.901	19.2453	19.7605	20.236	19.7814	19.1551	19.0107	18.7511	18.5735	18.1649	17.8253	18.0619	18.6167	19.1186	19.0498	18.652	17.9973	17.7209	17.7572	17.4665	17.6606	18.1711	18.8457	19.4428	19.2157	18.9963	18.8982	18.3101	17.9591	17.7336	17.5708	17.519	16.8425	16.1392	15.5689	15.1655	15.1106	15.1524	15.3603	15.171	14.9151	15.0254	15.4124	16.3494	17.3585	17.8272	17.9051	18.2222	18.8605	19.4784	19.7608	19.9347	20.1819	20.5108	20.818	20.9891	20.9177	20.8954	20.2088	18.8615	18.1952	17.7148	17.2867	16.9387	16.4438	15.8059	15.5522	15.5209	15.5085	15.3636	15.0204	14.9403	14.9663	15.4655	16.3241	16.9223	17.5926	18.7776	19.6298	19.8786	19.9574	19.5687	19.6804	20.5111	20.7727	20.621	20.5352	20.7746	20.5768	20.1319	19.852	19.2903	18.5198	18.1117	17.8521	17.5746	17.5427	17.5017	17.2763	17.0335	16.7945	16.1445	15.5226	14.6061	13.6632	12.7198	11.8755	11.2849	10.9933	10.9862	11.0652	11.0893	11.1315	11.1068	11.7843	12.7828	13.2732	13.2463	13.0731	12.7604	12.3209	11.8855	11.8082	12.4978	13.1291	13.8705	14.7553	15.8574	16.0962	16.1263	16.9466	18.1414	19.626	20.3518	21.2438	22.6464	23.7889	24.4713	24.9701	25.8226	26.4436	25.9807	25.3928	24.4887	23.7232	23.8889	23.7148	23.461	24.6482	24.884	25.271	26.4946	27.5358	27.567	26.2297	24.5393	22.4219	20.9685	20.212	19.7583	20.4034	21.5989	22.8241	24.0968	25.5917	26.4512	25.975	23.0661	18.7051	15.752	13.501	11.433	9.95121	8.45015	7.3481	6.31755	5.5295	4.95442	4.58009	4.29567	4.13716	4.05721	4.02428	4.00368	3.90888	3.72314	3.44795	3.11606	2.7335	2.42725	2.16405	1.96437	1.82836	1.72801	1.65796	1.59779	1.55363	1.52466	1.4985	1.47332	1.44636	1.42257	1.40901	1.3955	1.38381	1.37112	1.35132	1.32674	1.31653	1.30331	1.28549	1.27036	1.24995	1.22844	1.21458	1.20242	1.18985	1.18147	1.17158	Robusta
C49	8.3438	8.42541	8.2814	7.89715	7.38851	6.85622	6.46951	6.2446	6.06693	5.98752	6.06044	6.1795	6.214	6.10405	5.94259	5.86497	5.82361	5.83789	5.85629	5.88483	5.90423	5.78647	5.63561	5.46989	5.3558	5.31632	5.38201	5.41828	5.37705	5.3209	5.30567	5.42199	5.51641	5.52496	5.52882	5.63014	5.74798	6.00041	6.36862	6.65255	6.92577	7.24853	7.6982	8.26148	8.5843	8.52217	8.43511	8.51569	8.70631	8.86259	9.04509	9.44646	9.98296	10.664	11.4614	12.3706	13.7027	14.803	15.3807	15.7391	15.8205	15.9549	16.2851	16.9534	17.459	17.3457	17.8	18.6577	19.0906	19.7015	19.8133	19.7986	19.6603	19.6399	19.5056	18.7231	17.9559	17.272	17.1899	17.42	17.4967	17.6017	17.5581	17.1034	16.3864	15.8711	15.8584	16.1549	16.5641	16.7036	16.6133	16.8681	16.7684	16.1924	15.6929	15.225	15.0289	15.0733	14.8863	14.4632	14.0573	13.7177	13.4828	13.4905	13.7414	13.8336	13.8181	13.7597	13.6321	14.007	14.7388	15.4482	15.8951	15.9499	16.2039	16.388	16.6419	16.8744	16.7832	17.0859	17.3782	17.2688	17.4253	17.5904	17.5319	17.1741	16.5154	15.9485	15.3555	14.7606	14.4451	14.2516	13.9699	13.7853	13.4565	13.2798	13.2159	13.2758	13.4761	13.4519	13.6266	14.193	14.9423	15.5963	16.6032	17.3238	17.526	17.7619	17.3054	17.0037	17.4296	17.7562	17.8905	17.5728	17.6188	17.5516	17.0667	17.1411	16.9403	16.0446	15.5622	15.3961	15.3614	15.2857	15.046	15.0012	14.7097	14.3035	13.8396	13.3668	12.5868	11.812	10.9281	10.0944	9.60818	9.3914	9.42891	9.45707	9.47215	9.55655	9.59039	10.1461	10.76	10.936	10.9555	10.9369	10.7516	10.5603	10.271	10.2608	11.0372	11.6445	12.314	12.782	13.1093	13.5742	13.8263	14.5856	15.4863	16.7182	17.7743	18.7754	19.7577	20.6218	21.4917	22.5427	23.1261	23.1908	22.7664	21.7064	20.9004	20.4067	20.2387	20.0793	20.4555	21.2712	21.5167	22.6223	23.3276	24.1758	24.6546	23.6259	21.8568	19.976	18.9961	18.3874	17.6942	17.5519	18.6073	20.1403	21.3391	22.2613	22.6836	21.8941	20.049	16.9703	14.3665	12.5988	10.9838	9.63137	8.40946	7.4881	6.50139	5.7219	5.09994	4.70165	4.4476	4.39304	4.38024	4.3709	4.41362	4.3543	4.14743	3.80586	3.35394	2.82577	2.40249	2.03553	1.76404	1.58203	1.45684	1.37351	1.31219	1.26476	1.22622	1.19604	1.16664	1.14113	1.12291	1.10662	1.08836	1.07646	1.06486	1.04798	1.02962	1.01965	1.00869	0.996585	0.982896	0.96899	0.958147	0.947037	0.934733	0.925653	0.918177	0.910757	Robusta
C50	9.42589	9.86365	9.85403	9.5093	8.85164	8.16772	7.72113	7.43329	7.31403	7.35598	7.51864	7.7298	7.73928	7.39675	7.13427	6.96544	6.79591	6.70113	6.67251	6.6046	6.5702	6.49131	6.3118	6.2078	6.08251	6.10536	6.32199	6.43616	6.42724	6.37798	6.3623	6.4147	6.45808	6.45523	6.49936	6.64758	6.79092	6.99165	7.35695	7.77369	8.26981	8.95035	9.69247	10.4273	10.8576	10.9464	10.8903	10.7135	10.6148	10.7543	10.7685	10.8597	11.3183	11.8863	12.8987	14.2368	15.405	16.4353	17.3566	17.4956	17.4214	17.6844	18.1099	18.4202	18.4852	18.6039	18.8781	19.2041	19.2994	19.7045	20.2141	20.342	20.0773	19.3133	18.7314	18.723	18.7144	18.4673	18.3734	18.8567	19.4791	19.8395	19.6052	18.8536	18.2239	18.1806	18.4012	18.7076	19.342	19.6624	20.1812	20.4378	19.9222	19.6066	19.4031	19.1333	18.8485	18.8512	18.4708	17.7374	16.874	16.3089	15.8857	15.6312	15.8127	15.8997	15.8547	15.8024	16.0301	16.6854	17.4826	18.3153	19.0165	19.1138	19.7336	20.2239	20.5078	21.2433	21.549	21.7816	22.1625	22.1941	22.0364	22.2664	22.2439	21.8831	20.9442	19.9147	19.3271	18.5377	17.7389	17.2142	16.9647	16.7826	16.4851	16.2958	16.0984	15.9018	15.9371	16.1599	16.4765	17.1785	18.1312	19.2509	20.3187	20.731	21.0911	21.6147	21.3218	20.7276	21.1531	21.5456	21.6168	21.4358	21.6602	21.6994	21.3335	21.0758	20.1902	19.6072	19.2938	18.9168	18.7347	18.8805	18.737	18.4669	18.3907	17.9608	17.04	16.2654	15.3056	14.523	13.559	12.6183	12.0815	11.8083	11.8185	11.9314	11.9149	11.8739	11.9386	13.0278	13.9489	14.3895	14.5393	14.2969	13.8705	13.3052	12.8352	12.8332	13.6076	14.3235	15.1791	15.7153	16.3986	17.3555	17.5297	18.1926	19.2049	20.8307	22.0786	22.6862	23.4321	24.7556	25.9232	26.8389	27.7176	27.9761	27.5837	27.3434	26.8191	25.766	24.9669	24.3329	24.4495	26.2823	27.0685	27.6193	28.6262	30.5955	30.5398	28.5734	26.6257	24.5444	22.7068	21.8976	21.7943	22.77	24.0057	25.1991	26.7787	28.3909	29.1555	27.6858	24.7683	20.4558	16.9791	14.7604	12.4169	10.6113	9.10982	7.90199	6.76108	5.96676	5.32589	4.93861	4.70383	4.60599	4.59713	4.61791	4.63643	4.57213	4.41308	4.10165	3.68032	3.20579	2.81134	2.45256	2.19127	2.01254	1.88302	1.79847	1.73383	1.68616	1.6468	1.62357	1.59492	1.56175	1.54123	1.5302	1.51091	1.49621	1.48227	1.45954	1.43784	1.42147	1.40793	1.39308	1.37376	1.3533	1.33217	1.31659	1.30409	1.29032	1.27957	1.27216	Robusta
C51	10.1176	10.2591	10.1659	9.81064	9.16467	8.51858	8.04266	7.81889	7.633	7.5956	7.71766	7.84361	7.87508	7.62384	7.48844	7.41979	7.28514	7.28344	7.30691	7.33264	7.28133	7.17399	7.01051	6.81367	6.77454	6.82131	6.90689	7.01826	6.98695	6.79374	6.72644	6.86769	6.93975	6.94926	7.00511	7.1631	7.3281	7.58681	7.97309	8.38598	8.823	9.18246	9.75975	10.402	10.8384	11.0887	10.9437	10.707	10.7341	10.9351	11.2019	11.6415	12.0912	12.7674	13.6803	14.3678	15.2164	16.0204	16.3949	16.6886	17.3945	17.9972	18.3126	18.5558	18.4608	18.6897	19.5333	20.1673	20.5799	20.9846	21.07	21.0556	21.566	21.4596	20.5463	19.5384	19.2863	19.0527	18.7915	19.2196	19.2249	19.3209	19.5486	19.3924	18.8626	18.267	18.4034	18.7354	18.8942	19.1538	19.3988	19.3658	19.1573	19.0704	19.0069	18.8159	18.4917	18.5268	18.043	17.2952	16.8672	16.4517	16.0573	16.0036	16.1997	16.2641	16.0298	15.9524	16.2498	16.6244	17.236	17.6841	17.9097	18.2583	18.7729	19.2132	19.4422	19.6352	19.9748	20.5991	20.7602	20.6047	20.7412	20.7575	20.7755	20.3359	19.381	18.7311	18.438	18.0993	17.4972	17.0565	16.8127	16.5153	16.2404	16.1788	16.3298	16.1436	15.8331	16.0157	16.2298	16.4128	17.2294	18.083	18.7452	19.5543	20.2739	20.6505	20.1696	19.6823	20.1075	20.635	20.9379	20.8035	20.6658	20.7406	20.5911	20.4022	19.7098	19.0316	18.8314	18.6029	18.2386	18.1896	18.1319	18.0674	18.0924	17.7381	17.028	16.0816	15.1883	14.5113	13.4843	12.7438	12.1762	11.771	11.8356	11.9009	11.8167	11.8688	12.053	12.8984	13.6196	13.9886	13.9775	13.8904	13.3568	12.8654	12.6729	12.7214	13.3273	13.8089	14.4741	15.0258	15.8797	16.5551	16.5352	17.2731	18.1715	19.2018	19.9008	20.7396	21.7986	22.9078	23.856	23.9391	24.3993	24.9224	24.781	24.6165	24.358	23.8527	23.2701	22.7626	22.8821	23.7837	23.9045	24.5252	25.6553	26.6263	26.2656	25.2322	23.7768	21.7934	20.3505	19.8795	20.0241	20.6776	21.7724	22.8651	23.7781	25.3805	26.4509	25.6016	22.9824	19.7556	17.3108	15.4278	13.3738	11.7278	10.2469	9.09627	7.94269	7.05186	6.36456	5.91924	5.62153	5.50258	5.43185	5.4043	5.45317	5.37287	5.15119	4.76403	4.27467	3.70366	3.21931	2.79241	2.48141	2.27506	2.12759	2.02458	1.94367	1.88753	1.84434	1.80893	1.779	1.74813	1.71943	1.7028	1.68627	1.67017	1.6529	1.63032	1.60768	1.6001	1.58042	1.55776	1.54062	1.51729	1.50108	1.48802	1.47403	1.45773	1.44278	1.43531	Robusta
C52	8.96225	9.34545	9.28116	8.78162	8.26363	7.70763	7.19075	6.971	6.84756	6.85381	7.00724	7.13457	7.12558	6.90451	6.71173	6.53271	6.42777	6.39891	6.39836	6.38651	6.33508	6.29737	6.13503	5.94197	5.84388	5.8376	5.95059	6.06107	5.99146	5.87074	5.84833	5.92635	5.99952	5.95836	5.96691	6.11064	6.25221	6.44494	6.74977	7.11493	7.47871	7.8276	8.31318	8.90538	9.42378	9.54571	9.53996	9.51231	9.36502	9.40356	9.53718	9.73104	10.2034	10.7905	11.4739	12.2833	12.9874	13.9131	14.6712	15.0188	15.4583	15.6317	15.6512	15.8991	15.8844	16.1887	16.7118	16.8781	17.2568	17.6008	17.641	17.5129	17.4867	17.3266	17.1223	17.1027	16.5318	16.1594	16.2692	16.1137	16.2539	16.7829	16.7111	16.3808	16.0165	15.6875	15.67	15.6564	15.8175	16.2139	16.6267	16.8036	16.5983	16.1415	16.0464	15.955	15.724	15.3643	15.1367	14.976	14.4942	14.0534	13.811	13.7024	13.898	13.9793	13.6319	13.4168	13.441	13.769	14.433	15.1956	15.5924	15.8581	16.0924	16.4774	16.8235	17.1377	17.5755	17.8088	18.1362	18.2635	18.1879	18.4212	18.6319	18.0335	16.9414	16.1583	15.9299	15.6182	14.8587	14.4071	14.2361	14.0087	13.6751	13.4767	13.4487	13.3789	13.2479	13.3117	13.723	14.0449	14.5506	15.4769	16.4504	17.032	17.2521	17.2802	17.4016	17.3615	17.7767	17.8644	17.458	17.9584	18.0235	17.5369	17.557	17.5628	17.0487	16.3516	15.8132	15.7716	15.5446	15.2324	15.0707	15.0289	15.0448	14.9329	14.4889	13.7333	12.8375	12.1582	11.3075	10.5529	10.1876	9.92497	9.86592	9.94189	9.90342	9.8596	9.91746	10.5331	11.2371	11.5822	11.5584	11.5138	11.4085	10.9706	10.5988	10.6173	10.9708	11.6029	12.3841	12.7721	13.2963	13.7639	14.1017	14.8009	15.2473	16.5593	17.6817	18.5946	19.394	19.9012	20.3932	21.1587	21.7736	22.2036	22.5485	22.3313	21.5908	21.3022	20.9055	20.2569	20.0018	20.4599	21.2723	22.4208	22.8233	23.695	23.7758	22.662	21.3892	19.3334	18.1158	17.6341	17.1076	17.6869	18.7279	19.3585	20.0223	21.9643	23.2844	22.368	20.0908	16.9322	14.6325	12.8904	11.0999	9.62355	8.17512	7.17858	6.25063	5.53051	4.93724	4.5587	4.30996	4.183	4.09363	4.07849	4.08896	3.97564	3.76769	3.47032	3.11823	2.72675	2.40666	2.12524	1.91825	1.77515	1.67327	1.59937	1.5421	1.50081	1.46449	1.44241	1.41481	1.38674	1.36757	1.35543	1.34172	1.32889	1.3144	1.29565	1.27755	1.26479	1.24958	1.23295	1.21943	1.20292	1.18587	1.1726	1.16037	1.14873	1.13754	1.13032	Robusta
C53	10.6408	11.1392	11.0703	10.5979	9.98768	9.30293	8.71714	8.38001	8.31909	8.34898	8.46703	8.59367	8.51259	8.26489	7.90893	7.58827	7.49895	7.36975	7.2202	7.23634	7.24217	7.08778	6.93871	6.84984	6.71416	6.71891	6.93786	7.09327	7.02586	6.89345	6.8889	7.04278	7.07011	7.07153	7.13344	7.26618	7.47103	7.77474	8.28571	8.69831	9.20463	9.81513	10.6843	11.6101	12.1288	12.5387	12.7481	12.5663	12.3754	12.3862	12.3446	12.4956	13.0905	13.7426	14.4261	15.6364	17.1021	18.3529	18.7422	19.2456	19.8294	20.3621	20.4835	20.4528	21.0546	21.2286	21.3987	22.1231	22.4918	22.7202	23.6387	23.3845	22.6632	22.138	21.6783	21.0935	20.5117	20.7554	20.8161	20.8527	21.6914	22.3885	22.0282	21.5852	21.1047	20.6403	20.3879	20.8876	21.3679	21.5955	22.4834	22.8787	22.6651	22.4534	22.1849	21.6264	21.3959	21.4696	21.1008	20.2449	19.0233	18.0805	18.1125	18.0791	17.8411	17.8746	17.7466	17.6716	18.1196	18.7188	19.4243	20.3259	21.1998	21.6211	21.9029	22.6427	23.3931	24.1531	24.4121	24.8681	25.794	25.7632	25.1836	25.3054	25.195	24.5344	23.3886	21.8676	21.0988	20.6926	19.9001	19.3439	19.1614	18.9489	18.3666	18.0987	18.1183	17.8521	17.7388	17.8937	18.0877	18.8199	20.2485	21.5872	22.3846	23.149	24.2209	24.2851	23.6737	23.5672	24.1136	24.0163	23.8704	23.9455	23.8864	23.882	23.4647	23.3546	23.1664	22.0442	21.4951	21.2922	21.0535	21.3137	21.1275	20.872	20.9831	20.4041	19.0957	18.4998	17.4084	16.2309	15.0215	14.1126	13.3924	13.058	13.1647	13.0771	13.0253	13.0639	13.1154	14.0108	15.3498	16.1491	16.1076	15.671	15.2137	14.8655	14.4045	14.2736	14.8755	15.7086	16.9545	18.0108	18.9097	19.1837	19.3061	20.3033	21.5617	22.8982	23.9018	25.3141	26.868	27.777	29.0844	29.9342	29.9813	30.1335	30.4446	30.6506	29.4013	27.7368	27.5404	28.0986	28.2331	29.303	30.0726	31.2482	32.578	32.0686	32.0303	30.9657	28.8253	26.3747	24.584	24.0178	23.6234	24.3569	25.642	27.8906	29.44	29.44	30.8754	30.7134	27.9986	22.8316	18.6574	16.027	13.4691	11.2612	9.54852	8.41116	7.23284	6.40009	5.78837	5.39316	5.10995	5.02508	5.00866	5.0233	5.07258	4.96859	4.75528	4.42333	3.98693	3.45502	3.00463	2.62825	2.34766	2.15289	2.0207	1.93037	1.85215	1.79706	1.76008	1.73576	1.70473	1.67214	1.65231	1.63578	1.61691	1.60158	1.58434	1.56391	1.54163	1.52542	1.51063	1.49428	1.47087	1.44667	1.43036	1.41275	1.39443	1.38143	1.37217	1.36439	Robusta
C54	10.7494	10.9001	10.7624	10.2282	9.56364	9.00485	8.58159	8.27343	8.09484	8.00229	8.06027	8.24415	8.22175	8.06263	7.92922	7.77615	7.71377	7.74962	7.73264	7.68931	7.65026	7.59671	7.4657	7.30947	7.2007	7.13539	7.20066	7.32684	7.25611	7.14718	7.20779	7.31479	7.33203	7.2914	7.38687	7.5836	7.78534	8.06379	8.43916	8.84337	9.30931	9.79502	10.2292	10.8071	11.3607	11.4275	11.239	11.2626	11.2101	11.1197	11.5162	12.0962	12.5956	13.2007	14.0347	15.1351	16.0545	17.1021	17.9183	18.1378	18.1967	18.2375	18.7085	19.2423	19.6466	19.9116	20.0576	20.6418	21.3004	21.4381	22.1108	23.0135	23.0057	22.5259	21.8843	21.1937	20.4195	20.4276	20.675	20.3262	20.7705	21.2359	20.8227	20.3825	19.695	19.2221	19.5205	19.5758	19.7955	20.1994	20.0702	20.2027	20.2706	19.8509	19.5189	19.2774	18.9247	18.8958	18.7555	18.2837	17.6277	17.2295	16.9887	16.7268	16.8885	17.1998	17.1536	16.8368	16.9026	17.2637	18.0595	18.8892	19.284	19.4558	19.5637	20.0655	20.3718	20.3967	20.7111	21.1544	21.5019	21.7041	21.7574	21.8067	21.7438	21.1405	20.5052	19.9042	19.2825	18.9682	18.6636	18.0109	17.5272	17.3261	17.0143	17.1533	17.1043	16.8185	16.7758	16.8339	17.1192	17.638	18.2385	18.7814	19.686	20.4277	20.5061	20.9302	20.9762	20.4921	21.2445	21.4471	21.1885	21.267	21.4024	21.6337	21.4479	21.0993	20.6723	20.3612	19.7947	19.436	19.4755	19.4971	19.2882	18.8938	18.8899	18.7515	17.8627	17.1118	16.2697	15.3305	14.1006	13.4947	13.0685	12.5968	12.5874	12.6671	12.7945	12.724	12.4279	13.3112	14.3339	14.7264	14.9126	14.629	14.1777	13.6984	13.3831	13.5875	14.3991	15.0838	15.9474	16.699	17.2462	17.6715	17.7618	18.3625	19.246	20.2743	21.1728	22.1187	23.0927	23.9632	24.9161	25.9464	26.3765	26.1112	26.0395	25.8743	24.9618	24.6327	24.3751	24.0694	24.18	24.7266	25.1449	25.9118	27.6064	28.7522	28.0108	27.4137	25.7966	23.3894	22.6916	21.9544	21.2992	22.5327	23.6366	24.0361	25.0595	26.9414	27.3154	26.7457	24.5346	21.0917	18.6426	16.5469	14.4513	12.6864	10.9226	9.74935	8.63326	7.70982	6.93931	6.43452	6.10246	6.01608	6.02018	6.04215	6.06344	5.93685	5.64916	5.20695	4.65647	3.98092	3.43383	2.95346	2.59468	2.35178	2.188	2.08357	1.99654	1.93673	1.89236	1.85385	1.81405	1.77779	1.75027	1.73317	1.71673	1.70154	1.68135	1.65951	1.63558	1.61409	1.59753	1.58347	1.56285	1.53495	1.52157	1.51164	1.49626	1.48633	1.47477	1.46153	Robusta
C55	10.2402	10.459	10.4364	10.0679	9.50586	8.90037	8.44736	8.25554	8.03732	7.95068	8.02965	8.07329	7.99544	7.82872	7.67294	7.66936	7.65339	7.60302	7.67947	7.7329	7.67731	7.42614	7.30499	7.24426	7.05766	7.14302	7.243	7.19251	7.18943	7.18117	7.17341	7.20899	7.27453	7.25889	7.26652	7.48756	7.76807	7.92541	8.10423	8.49241	8.98928	9.36409	9.84832	10.5908	11.0205	11.1358	11.145	11.0136	11.0734	11.2351	11.5402	11.9889	12.3618	13.1192	14.0791	15.3134	16.445	17.057	17.9049	18.3078	18.6045	18.8651	19.1257	19.7142	19.9334	20.1858	20.9703	21.3228	21.4997	22.0591	22.2218	22.1372	21.9329	21.8223	21.911	21.1219	20.1957	20.1166	20.2164	20.2954	20.8117	20.9823	20.8043	20.6854	19.9143	19.3243	19.4376	19.8392	20.5682	20.6632	20.3922	20.6502	20.6146	20.0918	19.5768	19.1151	19.1095	19.0179	18.6412	18.1846	17.5075	17.3824	17.1318	16.8454	17.1549	17.3321	17.0873	17.0935	17.3652	17.6066	18.2892	19.1766	19.6378	20.0703	20.0278	19.9422	20.7451	21.6982	22.124	22.2382	22.1856	22.4669	22.9866	22.6813	22.0174	21.2684	20.6721	20.043	19.4875	18.9984	18.4786	17.9858	17.3441	17.2164	17.3408	17.2968	17.1057	16.8024	16.5826	16.7065	17.2786	17.9437	18.7965	19.8098	20.7236	21.5801	22.1684	22.2202	22.0761	22.0161	22.4064	23.0113	22.9598	22.5035	22.0862	22.1481	22.366	22.1731	21.8277	20.6605	19.9109	19.6533	19.5191	19.7185	19.4347	19.2281	19.1152	18.5902	17.764	16.8679	16.0564	15.3753	14.3185	13.4556	12.7255	12.2764	12.3308	12.5992	12.761	12.5649	12.4109	13.2543	14.0508	14.3413	14.5496	14.4763	13.9877	13.5783	13.2626	13.1542	14.1257	15.1541	16.1069	16.93	17.39	18.0901	18.6329	19.5662	20.2927	21.589	23.2438	24.4601	25.6598	26.6775	27.3584	28.0001	28.5649	29.1084	28.9783	28.8704	27.9163	26.1069	25.2636	25.369	25.8803	27.0422	27.3716	28.2242	30.1283	31.4484	30.5713	28.6053	26.5654	24.2967	22.3097	21.2109	21.0726	22.1684	23.4947	24.7665	26.601	29.1074	29.9959	28.7424	25.8648	21.9339	18.8335	16.5575	14.5806	12.9643	11.1777	9.96816	8.73485	7.6385	6.8044	6.34816	6.01227	5.8303	5.76208	5.72011	5.72706	5.66529	5.39908	4.94762	4.43029	3.83095	3.33009	2.90351	2.60222	2.39242	2.2371	2.14337	2.07036	2.00707	1.95894	1.92583	1.89071	1.85768	1.82998	1.8137	1.79785	1.78148	1.7602	1.73484	1.71266	1.70117	1.68864	1.66808	1.64833	1.63014	1.61457	1.60121	1.58389	1.56959	1.5574	1.54558	Robusta
C56	10.9188	11.3717	11.2742	10.793	9.99785	9.21841	8.76599	8.56511	8.4435	8.34334	8.29265	8.36834	8.47323	8.36192	8.10138	7.92287	7.85946	7.85191	7.81566	7.77708	7.85241	7.80314	7.62292	7.46496	7.29879	7.31322	7.46538	7.49821	7.40722	7.34329	7.37756	7.46277	7.52658	7.62504	7.63689	7.73777	8.06951	8.30927	8.65829	9.07062	9.52498	10.2276	10.9453	11.5314	11.9891	12.1764	11.9835	11.9681	12.1536	12.0552	12.2657	12.8313	13.3689	14.3459	15.4743	16.6367	17.9797	19.0274	19.655	20.4871	21.3916	21.7786	21.8103	21.9478	22.2839	22.3214	22.5084	23.3597	24.0514	24.5248	24.6331	24.5118	24.8075	24.1256	23.2269	22.5729	22.316	22.3101	22.2212	22.3065	22.3697	22.6214	22.6762	22.535	22.0031	21.5095	21.4408	21.7385	22.1797	23.0703	23.6154	22.95	22.3454	22.0422	22.0733	21.6455	20.9057	20.7923	20.6395	20.2082	19.4905	18.7538	18.6012	18.6291	18.6904	18.7236	18.4369	18.2598	18.5996	19.2135	19.7433	20.482	21.4808	22.0495	22.1628	22.4231	23.3282	24.486	24.426	24.2485	24.3263	24.2821	24.4767	24.9713	24.9416	23.7931	22.9296	22.1	21.2	20.7667	20.3104	19.7129	19.2443	19.2497	19.1138	18.5832	18.6277	18.5315	18.3428	18.5901	19.0315	19.7903	20.6496	21.6141	22.4514	23.444	24.3469	24.9793	25.1054	24.7331	24.989	25.1799	25.0504	25.2161	25.2988	25.26	24.8695	23.9095	23.3849	22.9308	22.3014	21.8088	21.5524	21.3949	21.2136	21.4153	21.1747	20.269	19.4633	18.9402	17.8919	16.7886	15.5782	14.4688	13.7378	13.5102	13.6677	13.8172	13.8674	13.8702	13.9111	14.9364	15.9196	16.394	16.6534	16.4513	15.8873	15.4706	15.1277	15.1738	16.3475	17.2763	17.9722	18.651	19.8631	20.8303	21.3258	22.5748	23.3315	24.5142	26.4994	27.4886	28.1518	29.3363	30.4926	31.2272	31.683	31.8746	32.7489	33.9923	31.8337	29.937	28.9753	28.0899	28.5431	30.0497	30.7545	31.6182	32.2069	34.3995	34.5203	32.2471	29.7749	27.6654	25.8835	24.887	24.2574	24.5487	25.765	27.5326	30.0941	31.8557	32.456	30.8998	27.7799	23.5542	20.0094	17.3967	14.8931	13.0652	11.4788	10.2387	8.9966	8.0255	7.22446	6.80347	6.66117	6.6947	6.7607	6.9045	7.10089	7.11377	6.87448	6.3576	5.65731	4.73815	3.98422	3.3719	2.92223	2.61358	2.40807	2.27654	2.1758	2.10758	2.0512	2.00657	1.96817	1.92777	1.89173	1.87055	1.85237	1.83414	1.81161	1.78761	1.76668	1.75258	1.73008	1.70565	1.6857	1.66894	1.65132	1.62658	1.6084	1.6016	1.58762	1.57468	Robusta
